date,emp_tot,unemp_tot,lab_force,unemp_rate,part_rate,emp_pop_ratio,civ_pop,source,frequency
1901-06-30,1426,94.937076,1484,0.039,0.6096248424588092,0.5857985345999069,2434.284,Butlin 1977 and ABS 3105 Historical Pop Stats,Year
1902-06-30,1458,NA,1532,0.048,NA,NA,NA,Butlin 1977 and ABS 3105 Historical Pop Stats,Year
1903-06-30,1445,NA,1580,0.085,NA,NA,NA,Butlin 1977 and ABS 3105 Historical Pop Stats,Year
1904-06-30,1499,NA,1654,0.094,NA,NA,NA,Butlin 1977 and ABS 3105 Historical Pop Stats,Year
1905-06-30,1492,NA,1632,0.086,NA,NA,NA,Butlin 1977 and ABS 3105 Historical Pop Stats,Year
1906-06-30,1523,NA,1630,0.066,NA,NA,NA,Butlin 1977 and ABS 3105 Historical Pop Stats,Year
1907-06-30,1588,NA,1675,0.052,NA,NA,NA,Butlin 1977 and ABS 3105 Historical Pop Stats,Year
1908-06-30,1641,NA,1698,0.034,NA,NA,NA,Butlin 1977 and ABS 3105 Historical Pop Stats,Year
1909-06-30,1690,NA,1747,0.033,NA,NA,NA,Butlin 1977 and ABS 3105 Historical Pop Stats,Year
1910-06-30,1763,NA,1824,0.033,NA,NA,NA,Butlin 1977 and ABS 3105 Historical Pop Stats,Year
1911-06-30,1782,86.36001660000001,1834,0.0286,0.6073690356377258,0.5901481033295679,3019.581,Butlin 1977 and ABS 3105 Historical Pop Stats,Year
1912-06-30,1898,NA,1945,0.0244,NA,NA,NA,Butlin 1977 and ABS 3105 Historical Pop Stats,Year
1913-06-30,1937,NA,2038,0.0504,NA,NA,NA,Butlin 1977 and ABS 3105 Historical Pop Stats,Year
1914-06-30,2017,NA,2085,0.0327,NA,NA,NA,Butlin 1977 and ABS 3105 Historical Pop Stats,Year
1915-06-30,1956,NA,2082,0.0592,NA,NA,NA,Butlin 1977 and ABS 3105 Historical Pop Stats,Year
1916-06-30,1929,NA,2003,0.0349,NA,NA,NA,Butlin 1977 and ABS 3105 Historical Pop Stats,Year
1917-06-30,1896,NA,1968,0.033,NA,NA,NA,Butlin 1977 and ABS 3105 Historical Pop Stats,Year
1918-06-30,1893,NA,1968,0.0339,NA,NA,NA,Butlin 1977 and ABS 3105 Historical Pop Stats,Year
1919-06-30,1924,NA,2002,0.0362,NA,NA,NA,Butlin 1977 and ABS 3105 Historical Pop Stats,Year
1920-06-30,1999,NA,2071,0.0339,NA,NA,NA,Butlin 1977 and ABS 3105 Historical Pop Stats,Year
1921-06-30,2037,214.32088000000002,2161,0.0577,0.5817897910833513,0.548406202886065,3714.4,Butlin 1977 and ABS 3105 Historical Pop Stats,Year
1922-06-30,2104,232.26554000000002,2241,0.0611,0.5895196506550218,0.5534802967327827,3801.4,Butlin 1977 and ABS 3105 Historical Pop Stats,Year
1923-06-30,2187,195.37998000000002,2302,0.0501,0.5902866813682752,0.5607979896404943,3899.8,Butlin 1977 and ABS 3105 Historical Pop Stats,Year
1924-06-30,2230,189.1054,2341,0.0473,0.5855427713856929,0.5577788894447223,3998,Butlin 1977 and ABS 3105 Historical Pop Stats,Year
1925-06-30,2302,256.50625,2456,0.0625,0.5984259642796228,0.5609025121220242,4104.1,Butlin 1977 and ABS 3105 Historical Pop Stats,Year
1926-06-30,2338,207.06985999999998,2459,0.0493,0.5854483119851436,0.5566401599923814,4200.2,Butlin 1977 and ABS 3105 Historical Pop Stats,Year
1927-06-30,2402,180.72727,2507,0.0419,0.5812255117891174,0.5568822015626087,4313.3,Butlin 1977 and ABS 3105 Historical Pop Stats,Year
1928-06-30,2398,273.25488,2556,0.0618,0.5780712864121584,0.5423376153428623,4421.6,Butlin 1977 and ABS 3105 Historical Pop Stats,Year
1929-06-30,2389,303.77200999999997,2562,0.0673,0.5676052905598511,0.5292775328444513,4513.7,Butlin 1977 and ABS 3105 Historical Pop Stats,Year
1930-06-30,2300,449.0976,2551,0.0978,0.5555313588850174,0.5008710801393729,4592,Butlin 1977 and ABS 3105 Historical Pop Stats,Year
1931-06-30,2131,765.13266,2550,0.1641,0.546905160211041,0.45704113584695233,4662.6,Butlin 1977 and ABS 3105 Historical Pop Stats,Year
1932-06-30,2086,933.9783599999998,2599,0.1974,0.5493088726381198,0.44088430485691343,4731.4,Butlin 1977 and ABS 3105 Historical Pop Stats,Year
1933-06-30,2208,908.6778599999999,2724,0.1893,0.5674763551518687,0.4599808341319112,4800.2,Butlin 1977 and ABS 3105 Historical Pop Stats,Year
1934-06-30,2313,777.0980099999999,2754,0.1599,0.5666783267145415,0.4759357188419515,4859.9,Butlin 1977 and ABS 3105 Historical Pop Stats,Year
1935-06-30,2417,688.31587,2811,0.1397,0.5705181546954597,0.49055225183170625,4927.1,Butlin 1977 and ABS 3105 Historical Pop Stats,Year
1936-06-30,2504,549.2964599999999,2814,0.1098,0.5624962520239071,0.5005297139544647,5002.7,Butlin 1977 and ABS 3105 Historical Pop Stats,Year
1937-06-30,2565,448.23729000000003,2814,0.0883,0.5543407600023639,0.5052892855032208,5076.3,Butlin 1977 and ABS 3105 Historical Pop Stats,Year
1938-06-30,2655,384.42126,2870,0.0746,0.5569463041664241,0.5152238458403678,5153.1,Butlin 1977 and ABS 3105 Historical Pop Stats,Year
1939-06-30,2682,457.96403999999995,2941,0.0876,0.5625585799269306,0.5130166988657013,5227.9,Butlin 1977 and ABS 3105 Historical Pop Stats,Year
1940-06-30,2677,473.39542,2947,0.0899,0.5596490561738008,0.508374795852482,5265.8,Butlin 1977 and ABS 3105 Historical Pop Stats,Year
1941-06-30,2662,250.93900000000002,2808,0.0485,0.542713567839196,0.5144955546965597,5174,Butlin 1977 and ABS 3105 Historical Pop Stats,Year
1942-06-30,2628,93.73116,2687,0.0188,0.5389413723248491,0.5271075275287322,4985.7,Butlin 1977 and ABS 3105 Historical Pop Stats,Year
1943-06-30,2572,45.6057,2603,0.0095,0.5422238886805816,0.535766362538016,4800.6,Butlin 1977 and ABS 3105 Historical Pop Stats,Year
1944-06-30,2600,47.272259999999996,2633,0.0098,0.5458465493293531,0.5390053278603562,4823.7,Butlin 1977 and ABS 3105 Historical Pop Stats,Year
1945-06-30,2637,58.60869000000001,2677,0.0119,0.5435422631012568,0.5354206005969422,4925.1,Butlin 1977 and ABS 3105 Historical Pop Stats,Year
1946-06-30,2775,114.15788,2845,0.0218,0.5432914486498873,0.5299239964862696,5236.6,Butlin 1977 and ABS 3105 Historical Pop Stats,Year
1947-06-30,3034,161.05535999999998,3127,0.0288,0.5591717034440828,0.5425413969457459,5592.2,Butlin 1977 and ABS 3105 Historical Pop Stats,Year
1948-06-30,3167,112.05557,3231,0.0197,0.568027988256184,0.556776427981224,5688.1,Butlin 1977 and ABS 3105 Historical Pop Stats,Year
1949-06-30,3282,86.5839,3332,0.0149,0.5733952848046808,0.5647909137842023,5811,Butlin 1977 and ABS 3105 Historical Pop Stats,Year
1950-06-30,3379,104.45400000000001,3439,0.0175,0.5761627127730867,0.5661104409596569,5968.8,Butlin 1977 and ABS 3105 Historical Pop Stats,Year
1951-06-30,3512,67.66116000000001,3551,0.0111,0.582551348513682,0.5761532908983529,6095.6,Butlin 1977 and ABS 3105 Historical Pop Stats,Year
1952-06-30,3579,86.07852999999999,3626,0.0139,0.5855281218208536,0.5779385405396676,6192.7,Butlin 1977 and ABS 3105 Historical Pop Stats,Year
1953-06-30,3511,181.8938,3617,0.029,0.5766716622556679,0.5597716909537324,6272.2,Butlin 1977 and ABS 3105 Historical Pop Stats,Year
1954-06-30,3584,127.69932,3659,0.0201,0.5759302398791161,0.5641251652710445,6353.2,Butlin 1977 and ABS 3105 Historical Pop Stats,Year
1955-06-30,3685,88.58694,3737,0.0137,0.57792830410442,0.569886486653676,6466.2,Butlin 1977 and ABS 3105 Historical Pop Stats,Year
1956-06-30,3777,98.25954,3835,0.0149,0.5815364085767143,0.5727413338185788,6594.6,Butlin 1977 and ABS 3105 Historical Pop Stats,Year
1957-06-30,3806,137.22672,3886,0.0204,0.5776892430278884,0.565796515430814,6726.8,Butlin 1977 and ABS 3105 Historical Pop Stats,Year
1958-06-30,3848,177.892,3952,0.026,0.5776088862905583,0.5624086524408067,6842,Butlin 1977 and ABS 3105 Historical Pop Stats,Year
1959-06-30,3898,137.47054,3978,0.0197,0.5700610472614714,0.558596772806741,6978.2,Butlin 1977 and ABS 3105 Historical Pop Stats,Year
1960-06-30,3997,168.82457999999997,4095,0.0237,0.5748659348064127,0.5611084594435242,7123.4,Butlin 1977 and ABS 3105 Historical Pop Stats,Year
1961-06-30,4189,166.64788,4288,0.0229,0.5892376188643984,0.5756334854064751,7277.2,Butlin 1977 and ABS 3105 Historical Pop Stats,Year
1962-06-30,4196,235.78777,4335,0.0317,0.5828101262419166,0.5641225581801804,7438.1,Butlin 1977 and ABS 3105 Historical Pop Stats,Year
1963-06-30,4297,169.36627,4396,0.0223,0.5788094642457439,0.5657744012429393,7594.9,Butlin 1977 and ABS 3105 Historical Pop Stats,Year
1964-06-30,4421,128.72304,4496,0.0166,0.5797998555658723,0.5701279273702672,7754.4,Butlin 1977 and ABS 3105 Historical Pop Stats,Year
1965-06-30,4559,96.72038,4616,0.0122,0.5822475056446221,0.5750577075896518,7927.9,Butlin 1977 and ABS 3105 Historical Pop Stats,Year
1966-08-01,4823.9,78.6,4902.5,0.016,0.599,0.5896971993692163,8180.3,ABS 6204 LF Historical Time Series,Quarter
1966-11-01,4853.7,75.7,4929.4,0.015,0.601,0.5913881544478696,8207.3,ABS 6204 LF Historical Time Series,Quarter
1967-02-01,4901.3,108.7,5010,0.022000000000000002,0.606,0.5929685326106682,8265.7,ABS 6204 LF Historical Time Series,Quarter
1967-05-01,4906.5,100.3,5006.8,0.02,0.602,0.5902627400028873,8312.4,ABS 6204 LF Historical Time Series,Quarter
1967-08-01,4933,86.8,5019.8,0.017,0.601,0.590891667864501,8348.4,ABS 6204 LF Historical Time Series,Quarter
1967-11-01,4971.2,82.3,5053.5,0.016,0.603,0.5931511752774131,8381,ABS 6204 LF Historical Time Series,Quarter
1968-02-01,5017.9,112.1,5130,0.022000000000000002,0.608,0.5943125829069547,8443.2,ABS 6204 LF Historical Time Series,Quarter
1968-05-01,5032.6,100.3,5132.9,0.02,0.605,0.5930473721423521,8486,ABS 6204 LF Historical Time Series,Quarter
1968-08-01,5055.6,81.1,5136.8,0.016,0.602,0.5925248760592103,8532.3,ABS 6204 LF Historical Time Series,Quarter
1968-11-01,5078.8,81.8,5160.7,0.016,0.602,0.5923973265836959,8573.3,ABS 6204 LF Historical Time Series,Quarter
1969-02-01,5152.9,112.2,5265.1,0.021,0.609,0.596241741203152,8642.3,ABS 6204 LF Historical Time Series,Quarter
1969-05-01,5159.9,95.9,5255.8,0.018000000000000002,0.604,0.5934603086973523,8694.6,ABS 6204 LF Historical Time Series,Quarter
1969-08-01,5183,78.9,5261.9,0.015,0.602,0.5927967700982467,8743.3,ABS 6204 LF Historical Time Series,Quarter
1969-11-01,5254.6,97.5,5352.1,0.018000000000000002,0.609,0.5976365683609522,8792.3,ABS 6204 LF Historical Time Series,Quarter
1970-02-01,5331.7,105.5,5437.2,0.019,0.614,0.6019826350077341,8856.9,ABS 6204 LF Historical Time Series,Quarter
1970-05-01,5371.7,92.9,5464.6,0.017,0.613,0.603033296661353,8907.8,ABS 6204 LF Historical Time Series,Quarter
1970-08-01,5395.6,78.2,5473.8,0.013999999999999999,0.612,0.6027997184640651,8950.9,ABS 6204 LF Historical Time Series,Quarter
1970-11-01,5450.9,85.7,5536.6,0.015,0.615,0.605433563249031,9003.3,ABS 6204 LF Historical Time Series,Quarter
1971-02-01,5491.5,116.8,5608.3,0.021,0.618,0.605150640248606,9074.6,ABS 6204 LF Historical Time Series,Quarter
1971-05-01,5526.6,107.7,5634.3,0.019,0.618,0.6057742897229043,9123.2,ABS 6204 LF Historical Time Series,Quarter
1971-08-01,5515.7,92.7,5608.4,0.017,0.61,0.6001131529414324,9191.1,ABS 6204 LF Historical Time Series,Quarter
1971-11-01,5532.8,111.9,5644.7,0.02,0.611,0.5986453441821211,9242.2,ABS 6204 LF Historical Time Series,Quarter
1972-02-01,5543.5,167.4,5710.9,0.028999999999999998,0.615,0.5966719407579623,9290.7,ABS 6204 LF Historical Time Series,Quarter
1972-05-01,5567.7,134.2,5701.9,0.024,0.611,0.5965861603411696,9332.6,ABS 6204 LF Historical Time Series,Quarter
1972-08-01,5609.9,144,5753.9,0.025,0.613,0.5981213749573524,9379.2,ABS 6204 LF Historical Time Series,Quarter
1972-11-01,5684.3,154.9,5839.2,0.027000000000000003,0.62,0.60318555147605,9423.8,ABS 6204 LF Historical Time Series,Quarter
1973-02-01,5708.3,182.9,5891.2,0.031,0.622,0.6027771911298838,9470,ABS 6204 LF Historical Time Series,Quarter
1973-05-01,5719.6,132.5,5852.1,0.023,0.615,0.6012593690540015,9512.7,ABS 6204 LF Historical Time Series,Quarter
1973-08-01,5783,105.8,5888.7,0.018000000000000002,0.616,0.60470125687517,9563.4,ABS 6204 LF Historical Time Series,Quarter
1973-11-01,5849.3,123.8,5973.1,0.021,0.621,0.6082819438233795,9616.1,ABS 6204 LF Historical Time Series,Quarter
1974-02-01,5902,155.6,6057.6,0.026000000000000002,0.626,0.6103286384976525,9670.2,ABS 6204 LF Historical Time Series,Quarter
1974-05-01,5917.9,124,6041.9,0.021,0.622,0.6087497685518547,9721.4,ABS 6204 LF Historical Time Series,Quarter
1974-08-01,5855.2,140.9,5996.1,0.024,0.614,0.5994021538839523,9768.4,ABS 6204 LF Historical Time Series,Quarter
1974-11-01,5889.5,226,6115.5,0.037000000000000005,0.623,0.5996843498625395,9821,ABS 6204 LF Historical Time Series,Quarter
1975-02-01,5827.8,333.2,6160.9,0.054000000000000006,0.626,0.5916848570993452,9849.5,ABS 6204 LF Historical Time Series,Quarter
1975-05-01,5851.6,288.2,6139.8,0.047,0.62,0.5910587664895659,9900.2,ABS 6204 LF Historical Time Series,Quarter
1975-08-01,5841.3,278.4,6119.7,0.046,0.616,0.5878984289294378,9935.9,ABS 6204 LF Historical Time Series,Quarter
1975-11-01,5944.8,310.1,6254.9,0.05,0.627,0.5955937603318205,9981.3,ABS 6204 LF Historical Time Series,Quarter
1976-02-01,5948.8,342.1,6290.9,0.054000000000000006,0.627,0.5933314050328642,10026.1,ABS 6204 LF Historical Time Series,Quarter
1976-05-01,5982.3,275.9,6258.2,0.044000000000000004,0.622,0.5942957620551946,10066.2,ABS 6204 LF Historical Time Series,Quarter
1976-08-01,5897.8,292.7,6190.5,0.047,0.613,0.5839174686151044,10100.4,ABS 6204 LF Historical Time Series,Quarter
1976-11-01,5955,281.5,6236.5,0.045,0.615,0.5870928306648789,10143.2,ABS 6204 LF Historical Time Series,Quarter
1977-02-01,5985.2,372.3,6357.5,0.059000000000000004,0.624,0.5870951287936751,10194.6,ABS 6204 LF Historical Time Series,Quarter
1977-05-01,6024.2,353.8,6378,0.055,0.623,0.588174415652887,10242.2,ABS 6204 LF Historical Time Series,Quarter
1977-08-01,5995.4,359.3,6354.7,0.057,0.618,0.5829889438831571,10283.9,ABS 6204 LF Historical Time Series,Quarter
1977-11-01,5995.4,346.8,6342.2,0.055,0.614,0.5802074865482134,10333.2,ABS 6204 LF Historical Time Series,Quarter
1978-02-01,5997.637457,426.9327154,6424.5701724,0.06645311699999999,0.612486231,0.571784611,10489.3299655,ABS 6202 LF Statistics,Month
1978-03-01,6003.2079632,403.8637566,6407.0717197,0.063034062,0.609695561,0.5712639740000001,10508.64091,ABS 6202 LF Statistics,Month
1978-04-01,6030.826917,403.2978248,6434.1247418,0.06268106999999999,0.6116863690000001,0.573345213,10518.666207,ABS 6202 LF Statistics,Month
1978-05-01,6033.3829544,399.4901896,6432.873144,0.062101363,0.610870222,0.572934348,10530.6706989,ABS 6202 LF Statistics,Month
1978-06-01,6033.7604533,405.9691869,6439.7296402,0.06304134,0.6107845199999999,0.572279845,10543.3740212,ABS 6202 LF Statistics,Month
1978-07-01,6030.5152478,400.2003974,6430.7156452,0.062232638,0.609237331,0.5713228850000001,10555.3539047,ABS 6202 LF Statistics,Month
1978-08-01,6036.358802,419.0079331,6455.366735,0.064908463,0.610698408,0.571058913,10570.4659545,ABS 6202 LF Statistics,Month
1978-09-01,6029.6847346,402.1696543,6431.8543889,0.062527792,0.607529577,0.569542094,10586.8991915,ABS 6202 LF Statistics,Month
1978-10-01,6035.7300281,396.484433,6432.2144611,0.061640425,0.6069105340000001,0.569500311,10598.2910174,ABS 6202 LF Statistics,Month
1978-11-01,6028.1936516,407.5552478,6435.7488994,0.063326779,0.606406527,0.568004755,10612.928152,ABS 6202 LF Statistics,Month
1978-12-01,6053.2686076,414.3431199,6467.6117276,0.06406431600000001,0.608485096,0.5695029149999999,10629.03885,ABS 6202 LF Statistics,Month
1979-01-01,6052.5934138,411.8808749,6464.4742887,0.06371452,0.607347995,0.5686511089999999,10643.7731569,ABS 6202 LF Statistics,Month
1979-02-01,6063.5839319,404.7628923,6468.3468242,0.06257594100000001,0.606746469,0.568778738,10660.7078111,ABS 6202 LF Statistics,Month
1979-03-01,6055.8984616,407.4235397,6463.3220014,0.063036244,0.605187728,0.567038967,10679.8629557,ABS 6202 LF Statistics,Month
1979-04-01,6064.7406163,421.5448973,6486.2855136,0.064990185,0.606644733,0.5672187790000001,10692.065989,ABS 6202 LF Statistics,Month
1979-05-01,6070.4897128,401.54681419999997,6472.036527,0.062043348,0.604498661,0.56699354,10706.4530367,ABS 6202 LF Statistics,Month
1979-06-01,6099.3238839,406.756316,6506.0801999,0.06251941300000001,0.606663945,0.568735671,10724.3561291,ABS 6202 LF Statistics,Month
1979-07-01,6097.4851872,408.1694984,6505.6546856,0.062740726,0.605944229,0.567926848,10736.3918505,ABS 6202 LF Statistics,Month
1979-08-01,6114.8588638,398.53803,6513.3968938,0.061187432,0.60586025,0.568789217,10750.6589018,ABS 6202 LF Statistics,Month
1979-09-01,6117.2508723,406.7273049,6523.9781772,0.06234345,0.605928106,0.568152458,10766.9179123,ABS 6202 LF Statistics,Month
1979-10-01,6152.0123444,419.5749399,6571.5872842,0.063846818,0.609541583,0.570624292,10781.1960186,ABS 6202 LF Statistics,Month
1979-11-01,6180.4577701,397.728479,6578.1862491,0.060461723999999994,0.609227954,0.572392981,10797.5778367,ABS 6202 LF Statistics,Month
1979-12-01,6184.0217423,403.2171113,6587.2388536,0.061211855,0.609019365,0.57174016,10816.1402236,ABS 6202 LF Statistics,Month
1980-01-01,6204.8300629,406.399079,6611.2291419,0.061471032,0.6105084089999999,0.5729798269999999,10829.0550123,ABS 6202 LF Statistics,Month
1980-02-01,6221.8916119,397.0870611,6618.978673,0.059992195,0.610373388,0.5737557489999999,10844.1468752,ABS 6202 LF Statistics,Month
1980-03-01,6233.1906001,393.4259462,6626.6165463,0.059370561999999995,0.610128209,0.573904555,10861.0230514,ABS 6202 LF Statistics,Month
1980-04-01,6246.2897122,406.8889251,6653.1786373,0.061157072,0.611750437,0.574337571,10875.6418247,ABS 6202 LF Statistics,Month
1980-05-01,6268.1478952,417.6356016,6685.7834969,0.062466217000000004,0.6138237360000001,0.5754804889999999,10892.0250328,ABS 6202 LF Statistics,Month
1980-06-01,6275.3611257,423.6141442,6698.9752699,0.063235663,0.614038222,0.575209108,10909.7040325,ABS 6202 LF Statistics,Month
1980-07-01,6306.6288459,408.0767224,6714.7055683,0.060773584,0.614668834,0.5773132059999999,10924.102862,ABS 6202 LF Statistics,Month
1980-08-01,6315.722029,415.8555509,6731.5775799,0.061776834,0.615276658,0.577266814,10940.7328996,ABS 6202 LF Statistics,Month
1980-09-01,6318.0405903,413.4745673,6731.5151577,0.0614237,0.614210009,0.576482957,10959.631173,ABS 6202 LF Statistics,Month
1980-10-01,6306.9262414,406.5609587,6713.4872001,0.060558834,0.611585172,0.574548287,10977.1909203,ABS 6202 LF Statistics,Month
1980-11-01,6328.6131507,393.3256253,6721.9387759,0.05851371699999999,0.611250879,0.575484318,10997.0210433,ABS 6202 LF Statistics,Month
1980-12-01,6351.4921017,409.1602925,6760.6523943,0.06052083,0.61354027,0.576408304,11019.0850149,ABS 6202 LF Statistics,Month
1981-01-01,6356.9052719,399.8082582,6756.7135301,0.059172000999999995,0.6121928919999999,0.575968213,11036.9029456,ABS 6202 LF Statistics,Month
1981-02-01,6372.8891267,379.2748543,6752.163981,0.056170859000000004,0.610670152,0.576368285,11056.9739818,ABS 6202 LF Statistics,Month
1981-03-01,6376.8973773,388.7930214,6765.6903986,0.057465388,0.610659838,0.575568034,11079.3112292,ABS 6202 LF Statistics,Month
1981-04-01,6404.1543,376.7090278,6780.8633278,0.055554729,0.611240517,0.577283216,11093.6090388,ABS 6202 LF Statistics,Month
1981-05-01,6405.3170806,379.2147056,6784.5317862,0.05589401299999999,0.610658811,0.57652664,11110.1840547,ABS 6202 LF Statistics,Month
1981-06-01,6420.8239855,364.6859414,6785.5099269,0.053744810000000004,0.609771395,0.576999348,11127.9570996,ABS 6202 LF Statistics,Month
1981-07-01,6418.4779632,397.2200635,6815.6980267,0.058280173,0.611453676,0.575818049,11146.7120026,ABS 6202 LF Statistics,Month
1981-08-01,6434.5704851,399.5697601,6834.1402452,0.05846671899999999,0.612077657,0.576291484,11165.4790386,ABS 6202 LF Statistics,Month
1981-09-01,6459.5469235,398.6866001,6858.2335236,0.05813255,0.613205522,0.577558321,11184.2331476,ABS 6202 LF Statistics,Month
1981-10-01,6429.8223559,401.1897224,6831.0120783,0.058730642,0.609661177,0.573855385,11204.6040284,ABS 6202 LF Statistics,Month
1981-11-01,6416.9534776,409.3180814,6826.271559,0.059962174,0.608135163,0.571670057,11224.9249392,ABS 6202 LF Statistics,Month
1981-12-01,6430.1179654,412.4735772,6842.5915426,0.060280316,0.608485978,0.571806251,11245.2739994,ABS 6202 LF Statistics,Month
1982-01-01,6467.8560205,411.6243282,6879.4803488,0.059833637,0.610639982,0.574103171,11266.01688,ABS 6202 LF Statistics,Month
1982-02-01,6450.4861114,434.3607952,6884.8469066,0.063089391,0.610026769,0.571540552,11286.1389968,ABS 6202 LF Statistics,Month
1982-03-01,6443.4913338,434.9581592,6878.449493,0.063234914,0.60834642,0.569877687,11306.7970285,ABS 6202 LF Statistics,Month
1982-04-01,6455.4224321,436.5605426,6891.9829747,0.06334324200000001,0.608510425,0.569965402,11325.9899809,ABS 6202 LF Statistics,Month
1982-05-01,6432.9958506,454.090208,6887.0860586,0.065933575,0.607087782,0.567060314,11344.4649367,ABS 6202 LF Statistics,Month
1982-06-01,6420.810859,466.0649731,6886.8758321,0.067674369,0.606081741,0.5650655419999999,11362.9488632,ABS 6202 LF Statistics,Month
1982-07-01,6419.9201403,474.6335516,6894.5536919,0.06884180899999999,0.6058208820000001,0.564115076,11380.5150895,ABS 6202 LF Statistics,Month
1982-08-01,6416.5471135,483.873645,6900.4207585,0.070122339,0.6054016680000001,0.562949487,11398.0868002,ABS 6202 LF Statistics,Month
1982-09-01,6400.9414187,513.8056227,6914.7470414,0.074305773,0.60571052,0.560702732,11415.92693,ABS 6202 LF Statistics,Month
1982-10-01,6402.8823348,579.2107151,6982.0930498,0.082956602,0.610836792,0.560163847,11430.374104,ABS 6202 LF Statistics,Month
1982-11-01,6345.7348964,603.1819181,6948.9168145,0.086802294,0.6072032740000001,0.554496638,11444.1359369,ABS 6202 LF Statistics,Month
1982-12-01,6295.6274693,653.4218859,6949.0493552,0.094030399,0.6064244599999999,0.549402125,11459.0518988,ABS 6202 LF Statistics,Month
1983-01-01,6294.7258702,645.5112823,6940.2371526,0.093009975,0.604607048,0.548372561,11478.9220201,ABS 6202 LF Statistics,Month
1983-02-01,6289.5199817,672.4835417,6962.0035234,0.09659339299999999,0.605493018,0.547006393,11498.07399,ABS 6202 LF Statistics,Month
1983-03-01,6256.0725822,691.3956902,6947.4682724,0.099517646,0.603192144,0.543163882,11517.8361312,ABS 6202 LF Statistics,Month
1983-04-01,6233.023791,704.3437733,6937.3675643,0.101528969,0.601364419,0.5403085089999999,11536.0459495,ABS 6202 LF Statistics,Month
1983-05-01,6263.9807909,721.1144592,6985.0952502,0.103236167,0.60453927,0.542128953,11554.4111017,ABS 6202 LF Statistics,Month
1983-06-01,6271.2162474,712.5915451,6983.8077925,0.102034816,0.603476755,0.541901115,11572.6210483,ABS 6202 LF Statistics,Month
1983-07-01,6276.7535865,736.9863716,7013.7399582,0.10507751600000001,0.6051871839999999,0.541595618,11589.3729059,ABS 6202 LF Statistics,Month
1983-08-01,6283.136403,715.2223216,6998.3587245,0.10219858,0.602983097,0.541359081,11606.2270331,ABS 6202 LF Statistics,Month
1983-09-01,6316.8102961,728.3923236,7045.2026197,0.103388414,0.6061342040000001,0.54346695,11623.1728424,ABS 6202 LF Statistics,Month
1983-10-01,6317.2650548,702.5728693,7019.8379241,0.100083916,0.603167526,0.542800158,11638.2889102,ABS 6202 LF Statistics,Month
1983-11-01,6354.2913734,679.0692111,7033.3605846,0.096549751,0.603557612,0.545284275,11653.1718643,ABS 6202 LF Statistics,Month
1983-12-01,6378.9954842,666.3711062,7045.3665905,0.09458288599999999,0.6038139770000001,0.546703509,11668.1078216,ABS 6202 LF Statistics,Month
1984-01-01,6377.5386273,669.4038208,7046.9424482,0.094992094,0.602888133,0.545618527,11688.6401694,ABS 6202 LF Statistics,Month
1984-02-01,6392.1930975,662.1404206,7054.333518,0.093862931,0.60262854,0.546064059,11705.9399848,ABS 6202 LF Statistics,Month
1984-03-01,6448.0104586,654.0067811,7102.0172397,0.092087467,0.605804841,0.550017808,11723.2758052,ABS 6202 LF Statistics,Month
1984-04-01,6454.1939533,667.3728446,7121.5667978,0.093711519,0.606588492,0.5497441630000001,11740.359227,ABS 6202 LF Statistics,Month
1984-05-01,6479.6441819,635.9359986,7115.5801805,0.08937233300000001,0.6051961330000001,0.551108343,11757.4779418,ABS 6202 LF Statistics,Month
1984-06-01,6501.6915449,650.5663055,7152.2578504,0.090959571,0.607429734,0.552178186,11774.6258548,ABS 6202 LF Statistics,Month
1984-07-01,6510.625348,636.680052,7147.3054,0.08907973200000001,0.60612881,0.552135018,11791.7269046,ABS 6202 LF Statistics,Month
1984-08-01,6508.164048,630.2835376,7138.4475856,0.088294203,0.604500006,0.55112616,11808.8461786,ABS 6202 LF Statistics,Month
1984-09-01,6537.9047799,625.7983827,7163.7031626,0.087356828,0.605759541,0.552842309,11825.9848677,ABS 6202 LF Statistics,Month
1984-10-01,6534.6938495,622.3722885,7157.0661381,0.086959136,0.6042636,0.551717359,11844.2781287,ABS 6202 LF Statistics,Month
1984-11-01,6550.0873207,622.5527774,7172.640098,0.08679548499999999,0.6046457120000001,0.5521651940000001,11862.5501817,ABS 6202 LF Statistics,Month
1984-12-01,6553.7101679,610.4105623,7164.1207302,0.08520383499999999,0.602989985,0.551612925,11880.9945676,ABS 6202 LF Statistics,Month
1985-01-01,6563.3673264,613.7064878,7177.0738142,0.08550929,0.603073221,0.5515048579999999,11900.8332076,ABS 6202 LF Statistics,Month
1985-02-01,6626.214264,606.8505125,7233.0647765,0.08389949899999999,0.606767665,0.555860162,11920.6496921,ABS 6202 LF Statistics,Month
1985-03-01,6601.4371607,626.3762964,7227.8134571,0.086661934,0.605310694,0.552853298,11940.6670566,ABS 6202 LF Statistics,Month
1985-04-01,6610.779924,606.4856644,7217.2655884,0.08403261000000001,0.603544614,0.552827185,11958.1310448,ABS 6202 LF Statistics,Month
1985-05-01,6646.2786659,607.6321623,7253.9108282,0.083766147,0.605726721,0.554987327,11975.5503269,ABS 6202 LF Statistics,Month
1985-06-01,6660.2468501,624.3675627,7284.6144127,0.085710448,0.607398319,0.555337937,11993.1421955,ABS 6202 LF Statistics,Month
1985-07-01,6685.4401014,604.9891945,7290.4292959,0.08298402899999999,0.606915745,0.5565514309999999,12012.2592892,ABS 6202 LF Statistics,Month
1985-08-01,6727.540905,597.4523602,7324.9932652,0.081563537,0.608826976,0.559168895,12031.3217873,ABS 6202 LF Statistics,Month
1985-09-01,6771.6036342,593.4880196,7365.0916538,0.080581213,0.611183054,0.561933182,12050.549514,ABS 6202 LF Statistics,Month
1985-10-01,6756.1668602,575.4489811,7331.6158413,0.078488698,0.607258117,0.559595218,12073.3105771,ABS 6202 LF Statistics,Month
1985-11-01,6855.3223555,592.1264092,7447.4487647,0.079507282,0.615691531,0.566739571,12096.0714714,ABS 6202 LF Statistics,Month
1985-12-01,6822.4800707,575.9862883,7398.466359,0.07785212,0.6104847929999999,0.562957258,12119.001889,ABS 6202 LF Statistics,Month
1986-01-01,6870.7463187,581.7197033,7452.466022,0.078057344,0.613795975,0.565884692,12141.6013218,ABS 6202 LF Statistics,Month
1986-02-01,6892.1833336,599.6031087,7491.7864423,0.08003473,0.61588995,0.566597364,12164.1641443,ABS 6202 LF Statistics,Month
1986-03-01,6903.2243146,594.4544591,7497.6787737,0.079285133,0.615222425,0.566444434,12186.9399816,ABS 6202 LF Statistics,Month
1986-04-01,6971.4019143,598.1125999,7569.5145142,0.079015979,0.620053891,0.571059725,12207.83327,ABS 6202 LF Statistics,Month
1986-05-01,6965.0975787,593.0954553,7558.193034,0.078470536,0.618071754,0.5695713330000001,12228.66598,ABS 6202 LF Statistics,Month
1986-06-01,7005.4749134,580.6233968,7586.0983102,0.07653781600000001,0.619290306,0.571891178,12249.66424,ABS 6202 LF Statistics,Month
1986-07-01,6987.5521253,617.0037329,7604.5558583,0.08113606400000001,0.6197292600000001,0.569446867,12270.77104,ABS 6202 LF Statistics,Month
1986-08-01,6969.2360319,625.837169,7595.0732009,0.08240041299999999,0.617897348,0.5669823509999999,12291.80418,ABS 6202 LF Statistics,Month
1986-09-01,6994.157978,636.2891949,7630.4471729,0.083388192,0.619705327,0.56802922,12313.02499,ABS 6202 LF Statistics,Month
1986-10-01,7018.7842898,636.1198937,7654.9041835,0.08309965500000001,0.620593545,0.569022436,12334.81116,ABS 6202 LF Statistics,Month
1986-11-01,7008.0890825,635.9129839,7644.0020664,0.083191106,0.6186191329999999,0.5671555229999999,12356.55617,ABS 6202 LF Statistics,Month
1986-12-01,7024.3420399,641.1094209,7665.4514608,0.083636225,0.619253379,0.567461364,12378.53796,ABS 6202 LF Statistics,Month
1987-01-01,7025.6156996,626.4663751,7652.0820746,0.081868747,0.6170317510000001,0.566516134,12401.43974,ABS 6202 LF Statistics,Month
1987-02-01,7056.5483867,631.2839377,7687.8323244,0.08211468599999999,0.618774786,0.567964288,12424.28183,ABS 6202 LF Statistics,Month
1987-03-01,7070.8669453,651.5292108,7722.3961561,0.084368789,0.620403484,0.568060794,12447.37715,ABS 6202 LF Statistics,Month
1987-04-01,7084.5776975,641.3130039,7725.8907015,0.083008294,0.6196205100000001,0.568186869,12468.74591,ABS 6202 LF Statistics,Month
1987-05-01,7089.8761515,633.4788132,7723.3549647,0.08202119599999999,0.618371687,0.567652101,12489.82631,ABS 6202 LF Statistics,Month
1987-06-01,7125.4919083,620.3693915,7745.8612998,0.08009043399999999,0.619121794,0.569536061,12511.04609,ABS 6202 LF Statistics,Month
1987-07-01,7171.1594719,630.4235778,7801.5830496,0.080807135,0.622571177,0.572262984,12531.2307,ABS 6202 LF Statistics,Month
1987-08-01,7149.4907955,630.6606598,7780.1514554,0.08106020300000001,0.619879123,0.569631595,12551.07837,ABS 6202 LF Statistics,Month
1987-09-01,7137.4924865,600.1045349,7737.5970215,0.07755696399999999,0.615505585,0.56776884,12571.12399,ABS 6202 LF Statistics,Month
1987-10-01,7167.1752546,630.5175943,7797.6928489,0.080859506,0.6191405209999999,0.569077124,12594.383,ABS 6202 LF Statistics,Month
1987-11-01,7157.2211146,616.5678872,7773.7890018,0.07931369,0.616121147,0.5672543050000001,12617.30594,ABS 6202 LF Statistics,Month
1987-12-01,7234.6083659,605.9252302,7840.5335961,0.077281122,0.620272344,0.572337002,12640.46941,ABS 6202 LF Statistics,Month
1988-01-01,7296.3948932,602.836289,7899.2311821,0.07631581800000001,0.6237369,0.5761359079999999,12664.36407,ABS 6202 LF Statistics,Month
1988-02-01,7281.9744981,583.3947342,7865.3692322,0.074172581,0.619908241,0.573928047,12687.9572,ABS 6202 LF Statistics,Month
1988-03-01,7330.5308719,594.9003799,7925.4312518,0.07506220899999999,0.623471047,0.576671932,12711.78717,ABS 6202 LF Statistics,Month
1988-04-01,7359.8639748,632.4818478,7992.3458226,0.079135946,0.627709652,0.578035255,12732.55206,ABS 6202 LF Statistics,Month
1988-05-01,7343.1760477,591.2326558,7934.4087035,0.074515024,0.622144218,0.575785126,12753.32709,ABS 6202 LF Statistics,Month
1988-06-01,7360.6121739,602.7404014,7963.3525753,0.075689277,0.6233872149999999,0.576203487,12774.32772,ABS 6202 LF Statistics,Month
1988-07-01,7377.9794,535.0323974,7913.0117974,0.067614255,0.618467038,0.57664985,12794.55705,ABS 6202 LF Statistics,Month
1988-08-01,7408.2019743,563.5216565,7971.7236308,0.070690064,0.622088817,0.578113318,12814.44613,ABS 6202 LF Statistics,Month
1988-09-01,7451.1624767,555.2210028,8006.3834795,0.069347291,0.623815109,0.580555222,12834.54562,ABS 6202 LF Statistics,Month
1988-10-01,7466.4148166,546.2918225,8012.7066391,0.068178188,0.623223846,0.580733574,12856.86786,ABS 6202 LF Statistics,Month
1988-11-01,7487.7306742,530.2231735,8017.9538477,0.066129487,0.62255234,0.581383273,12879.16427,ABS 6202 LF Statistics,Month
1988-12-01,7521.3130174,551.576505,8072.8895224,0.068324545,0.625724194,0.582971873,12901.67393,ABS 6202 LF Statistics,Month
1989-01-01,7552.9180041,551.7604965,8104.6785006,0.06807925799999999,0.627216774,0.584516321,12921.65459,ABS 6202 LF Statistics,Month
1989-02-01,7605.2163373,540.7292944,8145.9456317,0.066380175,0.629450709,0.587667661,12941.35588,ABS 6202 LF Statistics,Month
1989-03-01,7623.3172306,516.0953631,8139.4125937,0.063406954,0.627976756,0.588158662,12961.32782,ABS 6202 LF Statistics,Month
1989-04-01,7655.706065,506.082137,8161.788202,0.062006281999999996,0.628797634,0.589808231,12979.9919,ABS 6202 LF Statistics,Month
1989-05-01,7711.3498345,516.7202328,8228.0700673,0.06279968799999999,0.632996847,0.593244843,12998.59565,ABS 6202 LF Statistics,Month
1989-06-01,7710.6988162,493.2639177,8203.962734,0.060125080000000004,0.630229633,0.592337026,13017.41826,ABS 6202 LF Statistics,Month
1989-07-01,7735.380568,497.9216224,8233.3021904,0.060476539,0.631577422,0.593381806,13036.09328,ABS 6202 LF Statistics,Month
1989-08-01,7774.2796232,491.3537776,8265.6334007,0.059445386999999995,0.6331523760000001,0.595514387,13054.73014,ABS 6202 LF Statistics,Month
1989-09-01,7783.6756039,499.5960708,8283.2716747,0.060313858,0.633588931,0.595374738,13073.57384,ABS 6202 LF Statistics,Month
1989-10-01,7791.9269486,490.6736529,8282.6006015,0.059241496,0.632577115,0.5951023,13093.42435,ABS 6202 LF Statistics,Month
1989-11-01,7844.6030826,481.8410281,8326.4441106,0.057868763999999996,0.634968512,0.598223669,13113.16066,ABS 6202 LF Statistics,Month
1989-12-01,7829.7001728,486.3138127,8316.0139855,0.058479196,0.633210526,0.5961808829999999,13133.09499,ABS 6202 LF Statistics,Month
1990-01-01,7839.0917463,510.4116533,8349.5033996,0.061130779999999996,0.634882662,0.59607179,13151.25439,ABS 6202 LF Statistics,Month
1990-02-01,7846.4335395,535.7800193,8382.2135588,0.063918679,0.6364972139999999,0.595813152,13169.28555,ABS 6202 LF Statistics,Month
1990-03-01,7860.8081675,518.2712214,8379.0793889,0.061853003,0.635378531,0.5960784610000001,13187.53936,ABS 6202 LF Statistics,Month
1990-04-01,7866.0489279,527.0518533,8393.1007812,0.062795845,0.635613574,0.595699683,13204.72237,ABS 6202 LF Statistics,Month
1990-05-01,7899.5412084,549.5797334,8449.1209418,0.065045788,0.6390275160000001,0.597461467,13221.84215,ABS 6202 LF Statistics,Month
1990-06-01,7900.1172202,559.0946552,8459.2118753,0.066092996,0.638952266,0.596721997,13239.19223,ABS 6202 LF Statistics,Month
1990-07-01,7898.0628298,602.633827,8500.6966568,0.070892287,0.641336314,0.5958705160000001,13254.66292,ABS 6202 LF Statistics,Month
1990-08-01,7868.6838912,611.6120005,8480.2958917,0.07212154,0.639055167,0.592965524,13270.05294,ABS 6202 LF Statistics,Month
1990-09-01,7844.225201,624.5438899,8468.769091,0.073746714,0.637436294,0.5904274620000001,13285.67133,ABS 6202 LF Statistics,Month
1990-10-01,7829.5857392,647.4083123,8476.9940515,0.076372392,0.637212193,0.588546774,13303.25148,ABS 6202 LF Statistics,Month
1990-11-01,7809.8386469,674.1531877,8483.9918346,0.079461791,0.636901412,0.586292085,13320.73013,ABS 6202 LF Statistics,Month
1990-12-01,7812.8337185,681.1309063,8493.9646248,0.08018998599999999,0.636804725,0.585739363,13338.41332,ABS 6202 LF Statistics,Month
1991-01-01,7747.4619119,710.2010619,8457.6629738,0.08397131299999999,0.6333671319999999,0.580182462,13353.49207,ABS 6202 LF Statistics,Month
1991-02-01,7757.8888113,731.5484859,8489.4372972,0.08617161100000001,0.635032471,0.5803107,13368.509,ABS 6202 LF Statistics,Month
1991-03-01,7701.2017045,778.7095333,8479.9112378,0.091829916,0.633604748,0.575420878,13383.59799,ABS 6202 LF Statistics,Month
1991-04-01,7695.9243844,841.9547554,8537.8791398,0.09861404,0.637208903,0.574371159,13398.86982,ABS 6202 LF Statistics,Month
1991-05-01,7693.9969581,807.9320935,8501.9290517,0.09502926799999999,0.633806246,0.5735761020000001,13414.08216,ABS 6202 LF Statistics,Month
1991-06-01,7658.7030889,807.4087249,8466.1118138,0.09536948499999999,0.630420789,0.570297883,13429.30303,ABS 6202 LF Statistics,Month
1991-07-01,7627.0427233,818.4355508,8445.4782741,0.096908135,0.628131753,0.567260676,13445.393,ABS 6202 LF Statistics,Month
1991-08-01,7638.3951805,828.7497185,8467.1448991,0.097878296,0.629030124,0.567461727,13460.635,ABS 6202 LF Statistics,Month
1991-09-01,7645.3195703,852.6099932,8497.9295636,0.10033149699999999,0.630602988,0.567333646,13475.879,ABS 6202 LF Statistics,Month
1991-10-01,7616.1158693,845.0409349,8461.1568042,0.099872979,0.627303593,0.564652915,13488.137,ABS 6202 LF Statistics,Month
1991-11-01,7597.0780529,862.7421766,8459.8202294,0.10198114800000001,0.62663483,0.5627298909999999,13500.399,ABS 6202 LF Statistics,Month
1991-12-01,7616.7333087,891.0629661,8507.7962748,0.104734873,0.629616831,0.563673992,13512.657,ABS 6202 LF Statistics,Month
1992-01-01,7632.970874,880.9558971,8513.9267711,0.103472337,0.6292300000000001,0.564122102,13530.707,ABS 6202 LF Statistics,Month
1992-02-01,7650.0315091,888.4723556,8538.5038647,0.104054805,0.630205884,0.56462993400000006,13548.753,ABS 6202 LF Statistics,Month
1992-03-01,7630.8395937,894.9334142,8525.773008,0.104968009,0.628429042,0.562464097,13566.803,ABS 6202 LF Statistics,Month
1992-04-01,7624.4744042,891.7320916,8516.2064959,0.10471001299999999,0.627235494,0.561557657,13577.367,ABS 6202 LF Statistics,Month
1992-05-01,7620.9659342,905.4297809,8526.3957152,0.106191386,0.6274975349999999,0.560862702,13587.935,ABS 6202 LF Statistics,Month
1992-06-01,7633.5012077,925.388744,8558.8899516,0.108120183,0.629399609,0.561348808,13598.499,ABS 6202 LF Statistics,Month
1992-07-01,7651.1605994,957.9953381,8609.1559375,0.111276337,0.632522386,0.562137612,13610.832,ABS 6202 LF Statistics,Month
1992-08-01,7670.3127244,921.3136756,8591.6263999,0.107233908,0.630663021,0.5630345609999999,13623.165,ABS 6202 LF Statistics,Month
1992-09-01,7635.2882138,906.9321877,8542.2204016,0.106170544,0.626469264,0.5599566819999999,13635.498,ABS 6202 LF Statistics,Month
1992-10-01,7644.2625295,953.6259426,8597.8884721,0.11091397,0.630071422,0.5601877000000001,13645.895,ABS 6202 LF Statistics,Month
1992-11-01,7569.4134628,948.6066889,8518.0201517,0.111364692,0.623743356,0.554280369,13656.29,ABS 6202 LF Statistics,Month
1992-12-01,7599.4100822,960.1419732,8559.5520554,0.112171988,0.626307755,0.5560535689999999,13666.687,ABS 6202 LF Statistics,Month
1993-01-01,7650.724321,929.6183305,8580.3426515,0.10834279799999999,0.627081796,0.559141999,13682.972,ABS 6202 LF Statistics,Month
1993-02-01,7581.8536564,938.5095812,8520.3632376,0.11014901099999999,0.621958282,0.553450192,13699.252,ABS 6202 LF Statistics,Month
1993-03-01,7631.3322863,929.5479277,8560.880214,0.10858088199999999,0.6241739,0.556400547,13715.537,ABS 6202 LF Statistics,Month
1993-04-01,7611.8113234,918.3856345,8530.1969579,0.107662887,0.621556341,0.554637791,13723.932,ABS 6202 LF Statistics,Month
1993-05-01,7613.2396759,920.4911284,8533.7308044,0.10786503,0.621433747,0.5544027770000001,13732.326,ABS 6202 LF Statistics,Month
1993-06-01,7626.1035962,941.997579,8568.1011752,0.109942397,0.623555429,0.55500025,13740.721,ABS 6202 LF Statistics,Month
1993-07-01,7628.0484081,936.7254162,8564.7738243,0.10936954500000001,0.622712214,0.554606462,13753.984,ABS 6202 LF Statistics,Month
1993-08-01,7650.8121113,944.0750203,8594.8871316,0.109841468,0.624299534,0.5557255560000001,13767.249,ABS 6202 LF Statistics,Month
1993-09-01,7670.4668347,923.1226741,8593.5895088,0.107419917,0.623604515,0.55661697,13780.512,ABS 6202 LF Statistics,Month
1993-10-01,7719.1257419,949.910945,8669.0366869,0.10957514400000001,0.628586618,0.559709149,13791.316,ABS 6202 LF Statistics,Month
1993-11-01,7729.8356108,950.4064855,8680.2420963,0.109490781,0.6289066179999999,0.560047141,13802.116,ABS 6202 LF Statistics,Month
1993-12-01,7745.3257771,933.5106119,8678.836389,0.107561725,0.628312941,0.560730517,13812.92,ABS 6202 LF Statistics,Month
1994-01-01,7764.9673343,917.7053425,8682.6726768,0.10569387799999999,0.627833795,0.561475607,13829.572,ABS 6202 LF Statistics,Month
1994-02-01,7789.6171452,904.0864414,8693.7035866,0.103993244,0.62787523,0.562580448,13846.228,ABS 6202 LF Statistics,Month
1994-03-01,7808.7349396,901.8542815,8710.5892212,0.10353539299999999,0.628339122,0.563283784,13862.879,ABS 6202 LF Statistics,Month
1994-04-01,7811.7330436,873.9473655,8685.6804091,0.10061933299999999,0.626088345,0.563091754,13872.931,ABS 6202 LF Statistics,Month
1994-05-01,7853.3962457,850.0340343,8703.43028,0.097666553,0.626913694,0.565685195,13882.98,ABS 6202 LF Statistics,Month
1994-06-01,7875.3231737,857.6774516,8733.0006253,0.098211083,0.628588535,0.5668541739999999,13893.032,ABS 6202 LF Statistics,Month
1994-07-01,7948.1689945,846.7974183,8794.9664128,0.09628205299999999,0.632363488,0.571478234,13908.087,ABS 6202 LF Statistics,Month
1994-08-01,7932.0112171,827.3259708,8759.3371879,0.09445074999999999,0.629120725,0.5696998,13923.142,ABS 6202 LF Statistics,Month
1994-09-01,7981.3397013,823.5525993,8804.8923006,0.093533523,0.63170956,0.57262354,13938.197,ABS 6202 LF Statistics,Month
1994-10-01,7978.324656,798.000858,8776.325514,0.090926534,0.6291863169999999,0.571976586,13948.691,ABS 6202 LF Statistics,Month
1994-11-01,7990.2498087,804.0492546,8794.2990633,0.091428464,0.630001032,0.572401005,13959.182,ABS 6202 LF Statistics,Month
1994-12-01,8034.0886709,788.2937421,8822.3824131,0.089351573,0.631538084,0.575109163,13969.676,ABS 6202 LF Statistics,Month
1995-01-01,8047.7997507,782.1266124,8829.9263631,0.08857679900000001,0.6312631400000001,0.5753478710000001,13987.711,ABS 6202 LF Statistics,Month
1995-02-01,8098.8620215,783.7675975,8882.629619,0.08823598799999999,0.634213154,0.57825273,14005.748,ABS 6202 LF Statistics,Month
1995-03-01,8102.1799265,763.9874409,8866.1673673,0.086168849,0.6322236569999999,0.577745672,14023.783,ABS 6202 LF Statistics,Month
1995-04-01,8160.0491228,735.3501467,8895.3992695,0.082666345,0.633605051,0.581227237,14039.344,ABS 6202 LF Statistics,Month
1995-05-01,8166.1445925,756.1054932,8922.2500857,0.08474381299999999,0.634813973,0.581017417,14054.905,ABS 6202 LF Statistics,Month
1995-06-01,8200.9387589,747.5816408,8948.5203997,0.083542486,0.635978965,0.582847701,14070.466,ABS 6202 LF Statistics,Month
1995-07-01,8207.5920228,755.0892124,8962.6812351,0.084248139,0.636237663,0.582635824,14087.002,ABS 6202 LF Statistics,Month
1995-08-01,8236.2350761,747.4554523,8983.6905284,0.08320138,0.6369814300000001,0.583983696,14103.536,ABS 6202 LF Statistics,Month
1995-09-01,8224.3414463,750.4799275,8974.8213738,0.083620598,0.635607383,0.582457514,14120.071,ABS 6202 LF Statistics,Month
1995-10-01,8214.123213,770.4340557,8984.5572686,0.08575092,0.635521306,0.581024769,14137.303,ABS 6202 LF Statistics,Month
1995-11-01,8288.3030322,765.1746729,9053.4777051,0.08451721,0.639616707,0.585558088,14154.536,ABS 6202 LF Statistics,Month
1995-12-01,8289.3201136,734.9354538,9024.2555674,0.081440009,0.636777021,0.584917894,14171.767,ABS 6202 LF Statistics,Month
1996-01-01,8287.7833681,765.4374499,9053.2208179,0.08454863400000001,0.638011658,0.584068644,14189.742,ABS 6202 LF Statistics,Month
1996-02-01,8292.7133959,753.2399559,9045.9533518,0.083268167,0.636693047,0.583676784,14207.715,ABS 6202 LF Statistics,Month
1996-03-01,8266.2267253000009,760.1025471,9026.3292724,0.08420948599999999,0.634509021,0.581077343,14225.691,ABS 6202 LF Statistics,Month
1996-04-01,8295.646645,778.3934771,9074.0401221,0.085782459,0.637184019,0.582524807,14240.847,ABS 6202 LF Statistics,Month
1996-05-01,8301.5750012,762.6828802,9064.2578814,0.08414179000000001,0.63582038,0.5823213150000001,14256.004,ABS 6202 LF Statistics,Month
1996-06-01,8305.1798631999991,747.3234052,9052.5032685,0.08255433699999999,0.634321476,0.581955487,14271.16,ABS 6202 LF Statistics,Month
1996-07-01,8307.3553021,778.363658,9085.7189602,0.085668912,0.635906194,0.581428802,14287.829,ABS 6202 LF Statistics,Month
1996-08-01,8305.1052153,793.3158774,9098.4210927,0.087192697,0.6360532,0.580594006,14304.497,ABS 6202 LF Statistics,Month
1996-09-01,8295.5040169,778.1152861,9073.619303,0.08575577799999999,0.633581044,0.579247808,14321.166,ABS 6202 LF Statistics,Month
1996-10-01,8301.6665299,796.9874701,9098.6539999,0.08759399699999999,0.634680944,0.579086703,14335.792,ABS 6202 LF Statistics,Month
1996-11-01,8300.994895,768.1749763,9069.1698713,0.084701796,0.631979712,0.578449895,14350.413,ABS 6202 LF Statistics,Month
1996-12-01,8324.1621512,786.2949304,9110.4570816,0.086306859,0.634210397,0.57947369,14365.039,ABS 6202 LF Statistics,Month
1997-01-01,8335.2262113,780.8929462,9116.1191575,0.085660678,0.633761452,0.579473017,14384.149,ABS 6202 LF Statistics,Month
1997-02-01,8334.7917743,794.4935535,9129.2853278,0.08702691700000001,0.6338346109999999,0.5786739390000001,14403.261,ABS 6202 LF Statistics,Month
1997-03-01,8337.9147516,783.7516341,9121.6663857,0.08592198,0.632466492,0.5781237180000001,14422.371,ABS 6202 LF Statistics,Month
1997-04-01,8330.9171763,780.6711877,9111.588364,0.085678935,0.6312852680000001,0.577197418,14433.393,ABS 6202 LF Statistics,Month
1997-05-01,8334.8826102,778.9973687,9113.8799789,0.08547373600000001,0.630962164,0.5770314710000001,14444.416,ABS 6202 LF Statistics,Month
1997-06-01,8336.0483908,757.6647259,9093.7131166,0.083317421,0.629085962,0.5766721419999999,14455.438,ABS 6202 LF Statistics,Month
1997-07-01,8346.9920853,784.268579,9131.2606643,0.08588831400000001,0.631067749,0.576866404,14469.541,ABS 6202 LF Statistics,Month
1997-08-01,8333.1994484,770.6456248,9103.8450732,0.084650565,0.6285604,0.575352408,14483.644,ABS 6202 LF Statistics,Month
1997-09-01,8395.5676133,736.7348608,9132.3024741,0.08067350599999999,0.629911839,0.579094642,14497.747,ABS 6202 LF Statistics,Month
1997-10-01,8388.8602983,732.7386854,9121.5989837,0.08033006999999999,0.6285900440000001,0.578095361,14511.205,ABS 6202 LF Statistics,Month
1997-11-01,8447.7208125,733.221248,9180.9420605,0.0798634,0.632093249,0.581612133,14524.664,ABS 6202 LF Statistics,Month
1997-12-01,8432.6544691,724.3584435,9157.0129127,0.079104229,0.629862159,0.580037399,14538.122,ABS 6202 LF Statistics,Month
1998-01-01,8439.8119112,720.4585751,9160.2704864,0.07865036,0.629198617,0.579711919,14558.631,ABS 6202 LF Statistics,Month
1998-02-01,8453.1472598,712.3843711,9165.5316309,0.07772428299999999,0.6286744550000001,0.579811184,14579.138,ABS 6202 LF Statistics,Month
1998-03-01,8456.1741282,723.6784639,9179.8525921,0.078833343,0.628772229,0.579204013,14599.647,ABS 6202 LF Statistics,Month
1998-04-01,8488.6101098,698.5362977,9187.1464075,0.076034088,0.628780754,0.580971983,14611.049,ABS 6202 LF Statistics,Month
1998-05-01,8486.6271087,714.4430818,9201.0701905,0.07764782399999999,0.629242546,0.580383232,14622.454,ABS 6202 LF Statistics,Month
1998-06-01,8506.5378766,722.9185569,9229.4564336,0.07832731700000001,0.630692036,0.581291621,14633.856,ABS 6202 LF Statistics,Month
1998-07-01,8518.909375,738.1912053,9257.1005803,0.07974324099999999,0.631916263,0.5815252120000001,14649.252,ABS 6202 LF Statistics,Month
1998-08-01,8530.7559095,717.2089857,9247.9648952,0.077553169,0.630629945,0.581722594,14664.646,ABS 6202 LF Statistics,Month
1998-09-01,8574.5784818,708.6243027,9283.2027845,0.076334032,0.632368953,0.58409768,14680.042,ABS 6202 LF Statistics,Month
1998-10-01,8585.4030834,677.4340584,9262.8371418,0.073134618,0.630322005,0.584223646,14695.405,ABS 6202 LF Statistics,Month
1998-11-01,8563.0814327,707.0420033,9270.123436,0.076271045,0.6301587399999999,0.582095874,14710.775,ABS 6202 LF Statistics,Month
1998-12-01,8586.0000984,664.5175716,9250.51767,0.071835717,0.62816997,0.58304493,14726.138,ABS 6202 LF Statistics,Month
1999-01-01,8585.8898839,658.072686,9243.9625698,0.071189458,0.626851696,0.582226464,14746.65,ABS 6202 LF Statistics,Month
1999-02-01,8594.1828536,658.3240563,9252.5069099,0.071150885,0.626559544,0.581979278,14767.163,ABS 6202 LF Statistics,Month
1999-03-01,8620.8428588,650.1444981,9270.987357,0.070126781,0.626940162,0.582974866,14787.675,ABS 6202 LF Statistics,Month
1999-04-01,8622.6614172,646.9598382,9269.6212555,0.069793557,0.626298423,0.5825868289999999,14800.646,ABS 6202 LF Statistics,Month
1999-05-01,8610.6828342,650.6139329,9261.2967671,0.07025084599999999,0.625188164,0.581268167,14813.615,ABS 6202 LF Statistics,Month
1999-06-01,8661.8709339,617.4116799,9279.2826138,0.066536575,0.6258543010000001,0.584212099,14826.586,ABS 6202 LF Statistics,Month
1999-07-01,8680.0401644,620.8442179,9300.8843824,0.066751095,0.62661097,0.584784002,14843.156,ABS 6202 LF Statistics,Month
1999-08-01,8687.6600239,644.4634016,9332.1234255,0.069058602,0.628014544,0.584644738,14859.725,ABS 6202 LF Statistics,Month
1999-09-01,8701.0592571,659.0751781,9360.1344352,0.070413003,0.629197958,0.58489424,14876.295,ABS 6202 LF Statistics,Month
1999-10-01,8741.4781248,635.3950719,9376.8731967,0.067761935,0.62962113,0.586956784,14892.882,ABS 6202 LF Statistics,Month
1999-11-01,8752.1949273,602.3848802,9354.5798076,0.064394649,0.627425375,0.587022539,14909.47,ABS 6202 LF Statistics,Month
1999-12-01,8785.7888344,629.3478493,9415.1366837,0.066844261,0.630785256,0.5886208820000001,14926.057,ABS 6202 LF Statistics,Month
2000-01-01,8737.9386132,634.309444,9372.2480572,0.067679541,0.626992578,0.584558008,14947.941,ABS 6202 LF Statistics,Month
2000-02-01,8788.872552,622.9894099,9411.8619619,0.06619194099999999,0.628722412,0.587106055,14969.821,ABS 6202 LF Statistics,Month
2000-03-01,8836.9221324,620.9224923,9457.8446247,0.065651585,0.630871847,0.58945411,14991.705,ABS 6202 LF Statistics,Month
2000-04-01,8873.8011174,604.3703555,9478.171473,0.063764446,0.63164338,0.591366989,15005.574,ABS 6202 LF Statistics,Month
2000-05-01,8869.8486917,607.9617491,9477.8104408,0.064145802,0.631036206,0.590557883,15019.44,ABS 6202 LF Statistics,Month
2000-06-01,8910.092765,580.3680474,9490.4608124,0.061152778000000005,0.631295533,0.592690057,15033.309,ABS 6202 LF Statistics,Month
2000-07-01,8991.9710439,569.2795868,9561.2506307,0.059540285,0.6352803029999999,0.597455533,15050.444,ABS 6202 LF Statistics,Month
2000-08-01,8988.6351234,578.9579595,9567.5930829,0.060512394,0.63497879,0.596554704,15067.579,ABS 6202 LF Statistics,Month
2000-09-01,8984.9541192,569.7563499,9554.7104691,0.059630938,0.633403488,0.595633044,15084.714,ABS 6202 LF Statistics,Month
2000-10-01,8960.3829104,572.9078962,9533.2908067,0.060095501999999995,0.631263328,0.593327242,15101.924,ABS 6202 LF Statistics,Month
2000-11-01,8903.8617687,594.7140066,9498.5757752,0.062610861,0.628248708,0.588913516,15119.133,ABS 6202 LF Statistics,Month
2000-12-01,8944.3860561,595.6678667,9540.0539228,0.062438627000000003,0.630274692,0.590921206,15136.343,ABS 6202 LF Statistics,Month
2001-01-01,8953.6392666,585.7349918,9539.3742584,0.061401825,0.62912498,0.590495558,15162.924,ABS 6202 LF Statistics,Month
2001-02-01,8953.999018,622.6634284,9576.6624463,0.065018834,0.630479027,0.5894860160000001,15189.502,ABS 6202 LF Statistics,Month
2001-03-01,8963.8071351,618.9311798,9582.7383149,0.064588133,0.6297769480000001,0.589100831,15216.083,ABS 6202 LF Statistics,Month
2001-04-01,9014.681699,655.9233123,9670.6050113,0.067826502,0.6349067079999999,0.591843207,15231.537,ABS 6202 LF Statistics,Month
2001-05-01,9007.7978703,666.9062163,9674.7040866,0.068932983,0.634531901,0.590791724,15246.994,ABS 6202 LF Statistics,Month
2001-06-01,9004.7372918,670.8088331,9675.5461248,0.069330333,0.633944576,0.589992987,15262.448,ABS 6202 LF Statistics,Month
2001-07-01,9024.4331806,666.7437237,9691.1769044,0.068799046,0.634246009,0.590610489,15279.839,ABS 6202 LF Statistics,Month
2001-08-01,9046.650769,668.4704884,9715.1212574,0.06880722,0.635090517,0.591391704,15297.223,ABS 6202 LF Statistics,Month
2001-09-01,9026.6836848,662.890382,9689.5740669,0.068412747,0.6327011619999999,0.589416337,15314.614,ABS 6202 LF Statistics,Month
2001-10-01,9045.8015914,701.1256272,9746.9272186,0.071932991,0.635645675,0.5899217809999999,15333.9,ABS 6202 LF Statistics,Month
2001-11-01,9077.2456973,671.0428946,9748.2885919,0.068836995,0.6349359170000001,0.591228836,15353.185,ABS 6202 LF Statistics,Month
2001-12-01,9064.8655179,667.7922824,9732.6578003,0.068613558,0.6331225340000001,0.589681745,15372.471,ABS 6202 LF Statistics,Month
2002-01-01,9086.4152342,674.8113323,9761.2265665,0.069131817,0.634082633,0.590247348,15394.25,ABS 6202 LF Statistics,Month
2002-02-01,9126.7101019,638.2911883,9765.0012902,0.065365192,0.633431648,0.592027267,15416.03,ABS 6202 LF Statistics,Month
2002-03-01,9132.084427,627.5974089,9759.6818359,0.064305109,0.632193457,0.591540187,15437.809,ABS 6202 LF Statistics,Month
2002-04-01,9119.3214053,617.945081,9737.2664863000009,0.06346186399999999,0.6301763220000001,0.590184158,15451.654,ABS 6202 LF Statistics,Month
2002-05-01,9134.9538959,621.7895979,9756.7434938,0.063729214,0.630871561,0.590666612,15465.499,ABS 6202 LF Statistics,Month
2002-06-01,9161.0127487,636.4349377,9797.4476864,0.06495925899999999,0.6329368790000001,0.591821769,15479.344,ABS 6202 LF Statistics,Month
2002-07-01,9167.0498651,603.8157417,9770.8656068,0.061797569000000004,0.630535491,0.59156993,15496.139,ABS 6202 LF Statistics,Month
2002-08-01,9223.922341,625.2795396,9849.2018806,0.06348530000000001,0.634902666,0.594595679,15512.932,ABS 6202 LF Statistics,Month
2002-09-01,9225.6921651,621.5091753,9847.2013405,0.063115311,0.634087215,0.594066603,15529.727,ABS 6202 LF Statistics,Month
2002-10-01,9234.4173677,602.8491065,9837.2664742,0.06128217700000001,0.632694388,0.5939214979999999,15548.212,ABS 6202 LF Statistics,Month
2002-11-01,9285.10777,609.6821794,9894.7899494,0.061616485,0.635638291,0.596472494,15566.699,ABS 6202 LF Statistics,Month
2002-12-01,9327.5347654,614.6472434,9942.1820088,0.061822168,0.6379252249999999,0.598487305,15585.184,ABS 6202 LF Statistics,Month
2003-01-01,9380.8404609,607.3858796,9988.2263405,0.060810183999999996,0.63990277,0.600990165,15608.975,ABS 6202 LF Statistics,Month
2003-02-01,9405.8138296,595.6029285,10001.4167582,0.059551856,0.639772649,0.601673001,15632.767,ABS 6202 LF Statistics,Month
2003-03-01,9359.5480819,611.3588471,9970.906929,0.061314267,0.636851786,0.597803686,15656.558,ABS 6202 LF Statistics,Month
2003-04-01,9357.6277422,600.5360154,9958.1637576,0.060305898999999996,0.635458158,0.597136283,15670.841,ABS 6202 LF Statistics,Month
2003-05-01,9375.3091689,605.7970041,9981.1061731,0.060694375,0.636342313,0.597719914,15685.121,ABS 6202 LF Statistics,Month
2003-06-01,9352.0173251,602.753592,9954.7709171,0.060549217999999995,0.634085913,0.595692507,15699.404,ABS 6202 LF Statistics,Month
2003-07-01,9343.1267657,609.9296805,9953.0564462,0.061280641,0.633302033,0.5944928780000001,15716.129,ABS 6202 LF Statistics,Month
2003-08-01,9400.0032829,580.5712587,9980.5745417,0.058170124000000004,0.634377919,0.597476077,15732.853,ABS 6202 LF Statistics,Month
2003-09-01,9408.3306342,576.5977766,9984.9284108,0.057746810999999995,0.633980695,0.597370332,15749.578,ABS 6202 LF Statistics,Month
2003-10-01,9431.7526034,578.9544508,10010.7070543,0.057833522000000005,0.634896982,0.5981786530000001,15767.451,ABS 6202 LF Statistics,Month
2003-11-01,9429.5870818,565.8084616,9995.3955434,0.056606911,0.633208294,0.59736432800000006,15785.32,ABS 6202 LF Statistics,Month
2003-12-01,9459.9983595,569.8363204,10029.8346798,0.056814129,0.634671403,0.5986131,15803.193,ABS 6202 LF Statistics,Month
2004-01-01,9461.5673021,553.9476282,10015.5149303,0.055308951,0.632898698,0.597893734,15824.831,ABS 6202 LF Statistics,Month
2004-02-01,9465.161755,566.1102721,10031.2720271,0.056434544999999996,0.633028889,0.597304191,15846.468,ABS 6202 LF Statistics,Month
2004-03-01,9498.7094096,546.2255831,10044.9349927,0.054378209999999996,0.633026714,0.5986038539999999,15868.106,ABS 6202 LF Statistics,Month
2004-04-01,9508.4808205,554.2903054,10062.7711259,0.055083267,0.633630316,0.5987278890000001,15881.139,ABS 6202 LF Statistics,Month
2004-05-01,9524.433359,536.9840935,10061.4174525,0.053370621,0.63302554,0.599240574,15894.173,ABS 6202 LF Statistics,Month
2004-06-01,9529.391568,550.7358827,10080.1274507,0.054635805,0.63368309,0.599061304,15907.206,ABS 6202 LF Statistics,Month
2004-07-01,9537.8305166,560.5105275,10098.3410441,0.05550520900000001,0.634101983,0.598906021,15925.421,ABS 6202 LF Statistics,Month
2004-08-01,9534.849798,556.6286393,10091.4784373,0.055158284999999994,0.632947276,0.59803499,15943.632,ABS 6202 LF Statistics,Month
2004-09-01,9591.3320764,544.2521193,10135.5841957,0.053697163000000006,0.634988181,0.600891117,15961.847,ABS 6202 LF Statistics,Month
2004-10-01,9645.2668885,520.7777108,10166.0445993,0.051227172,0.636140002,0.603552349,15980.829,ABS 6202 LF Statistics,Month
2004-11-01,9682.5631917,526.9757045,10209.5388962,0.051616014,0.6381035589999999,0.605167197,15999.815,ABS 6202 LF Statistics,Month
2004-12-01,9692.4481084,517.5197404,10209.9678488,0.050687695000000005,0.637374195,0.605067166,16018.797,ABS 6202 LF Statistics,Month
2005-01-01,9743.6301175,520.8009195,10264.431037,0.050738411000000004,0.639755218,0.607295055,16044.31,ABS 6202 LF Statistics,Month
2005-02-01,9774.6766309,523.6737954,10298.3504263,0.05085026,0.640850351,0.608262944,16069.821,ABS 6202 LF Statistics,Month
2005-03-01,9816.0657849,534.426697,10350.4924819,0.051632973,0.643074103,0.609870276,16095.334,ABS 6202 LF Statistics,Month
2005-04-01,9854.8755792,532.1541213,10387.0297005,0.051232559999999996,0.644727519,0.611696478,16110.728,ABS 6202 LF Statistics,Month
2005-05-01,9838.8604088,528.7583985,10367.6188072,0.051000949000000004,0.64290841,0.610119471,16126.121,ABS 6202 LF Statistics,Month
2005-06-01,9885.2639762,514.836885,10400.1008612,0.049503067,0.644307604,0.612412402,16141.515,ABS 6202 LF Statistics,Month
2005-07-01,9900.1407253,517.9725937,10418.113319,0.049718464000000004,0.644596877,0.6125485110000001,16162.215,ABS 6202 LF Statistics,Month
2005-08-01,9944.0096428,512.365691,10456.3753339,0.049000316,0.6461367020000001,0.6144758,16182.915,ABS 6202 LF Statistics,Month
2005-09-01,9928.1734548,522.6650982,10450.838553,0.050011786,0.644969567,0.612713487,16203.615,ABS 6202 LF Statistics,Month
2005-10-01,9932.4428065,524.4646788,10456.9074853,0.050154855,0.6445058810000001,0.612180782,16224.689,ABS 6202 LF Statistics,Month
2005-11-01,9944.1248222,516.4410614,10460.5658837,0.049370279999999996,0.64389498,0.61210570500000006,16245.764,ABS 6202 LF Statistics,Month
2005-12-01,9957.2612453,531.827558,10489.0888033,0.050702932,0.644814241,0.6121202689999999,16266.838,ABS 6202 LF Statistics,Month
2006-01-01,9955.3028981,541.9689509,10497.2718489,0.051629505,0.6442370839999999,0.610975442,16294.113,ABS 6202 LF Statistics,Month
2006-02-01,9992.4081032,537.59001,10529.9981132,0.051053191,0.645165404,0.612227651,16321.393,ABS 6202 LF Statistics,Month
2006-03-01,10033.9963795,513.4037867,10547.4001662,0.048675860999999994,0.6451534870000001,0.613750085,16348.668,ABS 6202 LF Statistics,Month
2006-04-01,10041.2186107,524.8549005,10566.0735112,0.049673599,0.645666983,0.61359438,16364.587,ABS 6202 LF Statistics,Month
2006-05-01,10069.0885996,507.5561981,10576.6447976,0.047988394000000004,0.6456848650000001,0.614699485,16380.506,ABS 6202 LF Statistics,Month
2006-06-01,10108.8869622,510.6456351,10619.5325973,0.048085509,0.6476736599999999,0.616529942,16396.425,ABS 6202 LF Statistics,Month
2006-07-01,10160.8255368,496.208569,10657.0341058,0.046561601,0.648915617,0.618701067,16422.835,ABS 6202 LF Statistics,Month
2006-08-01,10178.8875667,503.1799002,10682.0674669,0.047105104,0.6493954510000001,0.61880561,16449.249,ABS 6202 LF Statistics,Month
2006-09-01,10223.2989063,500.2134745,10723.5123808,0.046646421,0.650870013,0.620509256,16475.659,ABS 6202 LF Statistics,Month
2006-10-01,10195.1931439,476.2560518,10671.4491957,0.044628995,0.646697313,0.6178358620000001,16501.459,ABS 6202 LF Statistics,Month
2006-11-01,10229.0641123,483.7017237,10712.765836,0.045151899,0.648187651,0.618920747,16527.26,ABS 6202 LF Statistics,Month
2006-12-01,10282.0451923,492.2235623,10774.2687546,0.045685102000000005,0.650892871,0.6211567649999999,16553.06,ABS 6202 LF Statistics,Month
2007-01-01,10275.8512262,490.356577,10766.2078033,0.045545896,0.649084673,0.619521531,16586.754,ABS 6202 LF Statistics,Month
2007-02-01,10307.3974103,501.1930324,10808.5904428,0.046369879,0.650318721,0.6201635209999999,16620.451,ABS 6202 LF Statistics,Month
2007-03-01,10336.6097246,482.5638207,10819.1735453,0.044602651,0.6496384860000001,0.620662888,16654.145,ABS 6202 LF Statistics,Month
2007-04-01,10365.7935429,475.6719615,10841.4655044,0.043875246,0.650016902,0.621497251,16678.744,ABS 6202 LF Statistics,Month
2007-05-01,10401.6470514,463.4269204,10865.0739718,0.04265290099999999,0.650472826,0.622728273,16703.348,ABS 6202 LF Statistics,Month
2007-06-01,10423.8229583,471.182785,10895.0057433,0.04324759399999999,0.651305611,0.62313821,16727.947,ABS 6202 LF Statistics,Month
2007-07-01,10446.6104597,463.9791669,10910.5896266,0.042525581,0.6511965,0.62350399,16754.681,ABS 6202 LF Statistics,Month
2007-08-01,10484.0681576,470.5698236,10954.6379812,0.042956219000000004,0.652783771,0.624742649,16781.419,ABS 6202 LF Statistics,Month
2007-09-01,10513.8323852,462.317346,10976.1497312,0.042120175,0.6530253340000001,0.625519793,16808.153,ABS 6202 LF Statistics,Month
2007-10-01,10503.5632091,474.9424929,10978.505702,0.043261124000000005,0.652097667,0.62388719,16835.677,ABS 6202 LF Statistics,Month
2007-11-01,10561.0501412,489.1869663,11050.2371075,0.044269364,0.655287003,0.626277865,16863.202,ABS 6202 LF Statistics,Month
2007-12-01,10581.7326674,476.5089246,11058.241592,0.043090840000000005,0.65469309,0.626481814,16890.726,ABS 6202 LF Statistics,Month
2008-01-01,10613.7643917,467.6834272,11081.4478189,0.042204181,0.654571928,0.626946256,16929.305,ABS 6202 LF Statistics,Month
2008-02-01,10648.2992341,441.648698,11089.947932,0.039824235,0.653584731,0.627556218,16967.881,ABS 6202 LF Statistics,Month
2008-03-01,10669.3809676,451.2612913,11120.6422589,0.040578708,0.653906942,0.627372244,17006.46,ABS 6202 LF Statistics,Month
2008-04-01,10708.0152408,477.3121559,11185.3273967,0.042673061,0.656579687,0.628561422,17035.75,ABS 6202 LF Statistics,Month
2008-05-01,10680.1825267,476.0329394,11156.215466,0.042669751,0.6537471170000001,0.62585189,17065.032,ABS 6202 LF Statistics,Month
2008-06-01,10732.9297758,475.7730627,11208.7028384,0.042446754999999996,0.6556974200000001,0.627865193,17094.322,ABS 6202 LF Statistics,Month
2008-07-01,10751.1182912,477.1555246,11228.2738158,0.042495893,0.655564524,0.627705724,17127.641,ABS 6202 LF Statistics,Month
2008-08-01,10793.132618,450.9718969,11244.1045148,0.040107409000000004,0.655213885,0.628934954,17160.968,ABS 6202 LF Statistics,Month
2008-09-01,10778.0014249,482.8446716,11260.8460965,0.042878188000000005,0.6549178860000001,0.626836194,17194.287,ABS 6202 LF Statistics,Month
2008-10-01,10786.9212971,483.5130268,11270.434324,0.042901011,0.654276699,0.626207567,17225.792,ABS 6202 LF Statistics,Month
2008-11-01,10780.6425364,503.6198281,11284.2623645,0.04463028300000001,0.653883497,0.624700491,17257.298,ABS 6202 LF Statistics,Month
2008-12-01,10788.3604906,516.7428761,11305.1033667,0.04570881499999999,0.653897402,0.624008527,17288.803,ABS 6202 LF Statistics,Month
2009-01-01,10791.3858067,556.9086203,11348.294427,0.049074213000000005,0.6550082930000001,0.622864276,17325.421,ABS 6202 LF Statistics,Month
2009-02-01,10803.7880421,605.6987551,11409.4867972,0.053087292,0.657151355,0.6222649690000001,17362.038,ABS 6202 LF Statistics,Month
2009-03-01,10770.1635099,652.5156787,11422.6791886,0.057124574,0.6565265259999999,0.619022729,17398.656,ABS 6202 LF Statistics,Month
2009-04-01,10793.9506679,630.12423,11424.0748979,0.055157572,0.6556513429999999,0.619487207,17424.009,ABS 6202 LF Statistics,Month
2009-05-01,10772.5294322,664.8401145,11437.3695467,0.05812876,0.655460502,0.617359396,17449.365,ABS 6202 LF Statistics,Month
2009-06-01,10754.8409221,669.7961168,11424.6370389,0.058627343,0.6537809099999999,0.615451472,17474.718,ABS 6202 LF Statistics,Month
2009-07-01,10799.1106516,649.2693083,11448.3799599,0.056712767,0.6540780979999999,0.616983519,17503.078,ABS 6202 LF Statistics,Month
2009-08-01,10789.1220848,652.6942527,11441.8163375,0.057044636,0.6526454780000001,0.615415554,17531.442,ABS 6202 LF Statistics,Month
2009-09-01,10810.4464491,648.587295,11459.0337441,0.056600522,0.652571922,0.615636011,17559.802,ABS 6202 LF Statistics,Month
2009-10-01,10820.128612,644.7446534,11464.8732654,0.056236527,0.652078411,0.615407786,17582.047,ABS 6202 LF Statistics,Month
2009-11-01,10850.3030861,638.6182195,11488.9213056,0.055585568,0.652620321,0.61634405,17604.296,ABS 6202 LF Statistics,Month
2009-12-01,10886.428535,632.600201,11519.028736,0.054917841999999994,0.653504776,0.617615704,17626.541,ABS 6202 LF Statistics,Month
2010-01-01,10936.2024368,607.8700283,11544.0724651,0.052656463,0.653844681,0.6194155330000001,17655.68,ABS 6202 LF Statistics,Month
2010-02-01,10919.2766809,612.13358,11531.410261,0.053084017000000004,0.652051175,0.617437679,17684.824,ABS 6202 LF Statistics,Month
2010-03-01,10925.2262866,626.4731904,11551.699477,0.054232123,0.6521239470000001,0.616757881,17713.963,ABS 6202 LF Statistics,Month
2010-04-01,10937.0601364,636.6081728,11573.6683092,0.055004874,0.652641906,0.61674342,17733.566,ABS 6202 LF Statistics,Month
2010-05-01,10938.5257471,603.6837566,11542.2095037,0.052302270000000005,0.650149176,0.616144899,17753.171,ABS 6202 LF Statistics,Month
2010-06-01,10992.7001074,596.318502,11589.0186094,0.051455479000000005,0.652065829,0.618513469,17772.774,ABS 6202 LF Statistics,Month
2010-07-01,11018.9903003,614.9675643,11633.9578646,0.052859704,0.653819441,0.619258739,17793.839,ABS 6202 LF Statistics,Month
2010-08-01,11060.0480933,584.621612,11644.6697053,0.050205083000000005,0.653647736,0.6208312970000001,17814.901,ABS 6202 LF Statistics,Month
2010-09-01,11088.0948706,590.1239481,11678.2188187,0.050532017,0.6547567320000001,0.621670554,17835.966,ABS 6202 LF Statistics,Month
2010-10-01,11104.3128584,619.7079985,11724.0208569,0.052857975,0.656551523,0.62184754,17856.97,ABS 6202 LF Statistics,Month
2010-11-01,11162.5757198,600.9402839,11763.5160037,0.051085091,0.65798936,0.6243759130000001,17877.973,ABS 6202 LF Statistics,Month
2010-12-01,11168.3518427,572.6254515,11740.9772942,0.048771532000000006,0.655958008,0.623965931,17898.977,ABS 6202 LF Statistics,Month
2011-01-01,11199.2534529,589.7955289,11789.0489819,0.050029102,0.657640349,0.624739193,17926.286,ABS 6202 LF Statistics,Month
2011-02-01,11174.3798775,586.5175909,11760.8974684,0.049870139,0.655072005,0.622403473,17953.595,ABS 6202 LF Statistics,Month
2011-03-01,11214.8885927,581.0344464,11795.9230392,0.049257226,0.656025027,0.6237110539999999,17980.904,ABS 6202 LF Statistics,Month
2011-04-01,11182.3479557,583.6563382,11766.0042939,0.049605314,0.653573553,0.621152832,18002.571,ABS 6202 LF Statistics,Month
2011-05-01,11172.2003235,589.7617181,11761.9620416,0.05014144,0.65256355,0.6198430739999999,18024.24,ABS 6202 LF Statistics,Month
2011-06-01,11206.0245558,579.5479255,11785.5724813,0.049174354999999996,0.6530883969999999,0.620973197,18045.907,ABS 6202 LF Statistics,Month
2011-07-01,11209.7549009,601.0080219,11810.7629228,0.050886469,0.6536978430000001,0.620433468,18067.618,ABS 6202 LF Statistics,Month
2011-08-01,11216.825026,622.1289717,11838.9539977,0.052549319,0.654440194,0.620049807,18090.2,ABS 6202 LF Statistics,Month
2011-09-01,11247.3388348,619.563468,11866.9023029,0.052209368,0.655167218,0.620961352,18112.784,ABS 6202 LF Statistics,Month
2011-10-01,11249.2340785,615.7016865,11864.935765,0.051892543,0.6540682339999999,0.62012697,18140.211,ABS 6202 LF Statistics,Month
2011-11-01,11252.1758021,620.9127812,11873.0885833,0.05229581,0.653529494,0.61935264,18167.64,ABS 6202 LF Statistics,Month
2011-12-01,11230.7737643,615.6480632,11846.4218275,0.051969114999999996,0.651078769,0.617242781,18195.067,ABS 6202 LF Statistics,Month
2012-01-01,11304.6012528,600.7035994,11905.3048522,0.050456801,0.653153664,0.620197619,18227.418,ABS 6202 LF Statistics,Month
2012-02-01,11269.416283,620.0998655,11889.5161485,0.052155180999999995,0.651131901,0.617171999,18259.766,ABS 6202 LF Statistics,Month
2012-03-01,11333.121124,619.2239368,11952.3450608,0.051807736,0.653415078,0.619563122,18292.117,ABS 6202 LF Statistics,Month
2012-04-01,11322.11912,595.2270761,11917.3461961,0.049946277,0.65058339,0.618089171,18317.938,ABS 6202 LF Statistics,Month
2012-05-01,11363.8698249,623.5369089,11987.4067338,0.052015997,0.653486858,0.619495087,18343.761,ABS 6202 LF Statistics,Month
2012-06-01,11339.5743178,617.4435852,11957.0179029,0.051638593000000003,0.6509140600000001,0.617301774,18369.58,ABS 6202 LF Statistics,Month
2012-07-01,11348.8864875,619.4385507,11968.3250382,0.05175649499999999,0.650571743,0.61690043,18396.626,ABS 6202 LF Statistics,Month
2012-08-01,11357.033526,615.6233265,11972.6568525,0.051419107000000006,0.6498518590000001,0.616437057,18423.671,ABS 6202 LF Statistics,Month
2012-09-01,11391.8707094,661.4268766,12053.297586,0.054875179999999996,0.653269875,0.617421573,18450.717,ABS 6202 LF Statistics,Month
2012-10-01,11391.2845019,651.9484926,12043.2329945,0.05413401,0.651828752,0.616542648,18476.069,ABS 6202 LF Statistics,Month
2012-11-01,11384.7958266,631.4441903,12016.2400169,0.052549232,0.649476565,0.61534707,18501.422,ABS 6202 LF Statistics,Month
2012-12-01,11395.6991869,654.7124345,12050.4116214,0.054331126,0.650432267,0.61509355,18526.774,ABS 6202 LF Statistics,Month
2013-01-01,11462.6106157,652.4921143,12115.1027301,0.053857745,0.652839452,0.617678991,18557.553,ABS 6202 LF Statistics,Month
2013-02-01,11465.5389371,658.2068043,12123.7457415,0.054290713000000004,0.652223364,0.616813693,18588.334,ABS 6202 LF Statistics,Month
2013-03-01,11434.7275528,682.8659343,12117.593487,0.056353263,0.650814756,0.614139221,18619.113,ABS 6202 LF Statistics,Month
2013-04-01,11467.9261334,678.7116689,12146.6378023,0.05587650499999999,0.651525483,0.615120516,18643.381,ABS 6202 LF Statistics,Month
2013-05-01,11458.0076165,681.1626013,12139.1702178,0.056112781,0.6502783999999999,0.61378947,18667.651,ABS 6202 LF Statistics,Month
2013-06-01,11471.7926111,693.0097912,12164.8024023,0.056968437999999996,0.650805431,0.613730062,18691.919,ABS 6202 LF Statistics,Month
2013-07-01,11457.8009169,682.8859844,12140.6869013,0.056247722,0.648636183,0.612151876,18717.252,ABS 6202 LF Statistics,Month
2013-08-01,11454.1208452,707.8050359,12161.9258811,0.058198434,0.6488927320000001,0.611128191,18742.583,ABS 6202 LF Statistics,Month
2013-09-01,11476.7467479,694.1641464,12170.9108942,0.057034691000000005,0.648495597,0.6115088510000001,18767.916,ABS 6202 LF Statistics,Month
2013-10-01,11471.0552052,709.7340192,12180.7892243,0.058266669,0.648364347,0.610586316,18786.951,ABS 6202 LF Statistics,Month
2013-11-01,11448.7314564,704.3874513,12153.1189077,0.057959398,0.6462366620000001,0.608781174,18805.988,ABS 6202 LF Statistics,Month
2013-12-01,11418.0597006,716.0966055,12134.156306,0.059014948,0.644575909,0.6065362950000001,18825.023,ABS 6202 LF Statistics,Month
2014-01-01,11454.6095493,722.6191343,12177.2286836,0.059341837999999994,0.64577106,0.607449819,18856.882,ABS 6202 LF Statistics,Month
2014-02-01,11477.3041569,719.9116203,12197.2157772,0.059022619,0.6457401110000001,0.607626839,18888.738,ABS 6202 LF Statistics,Month
2014-03-01,11531.4880615,718.9471137,12250.4351753,0.058687474999999996,0.647465607,0.609467485,18920.596,ABS 6202 LF Statistics,Month
2014-04-01,11538.8163281,711.0218734,12249.8382015,0.058043369,0.646802793,0.60926018,18939.062,ABS 6202 LF Statistics,Month
2014-05-01,11514.3202514,725.8970246,12240.217276,0.05930426,0.645665296,0.607374593,18957.527,ABS 6202 LF Statistics,Month
2014-06-01,11531.037265,742.4559545,12273.4932196,0.060492635999999995,0.6467905639999999,0.607664498,18975.993,ABS 6202 LF Statistics,Month
2014-07-01,11546.1289623,758.9252794,12305.0542417,0.061675899000000006,0.64765417,0.607709517,18999.421,ABS 6202 LF Statistics,Month
2014-08-01,11545.9078868,747.8559356,12293.7638224,0.060832138,0.646263121,0.606949554,19022.846,ABS 6202 LF Statistics,Month
2014-09-01,11547.4848125,766.1479023,12313.6327148,0.062219486000000004,0.646511371,0.6062857660000001,19046.274,ABS 6202 LF Statistics,Month
2014-10-01,11542.9768225,784.6300944,12327.6069169,0.063648208,0.6465297409999999,0.605379281,19067.347,ABS 6202 LF Statistics,Month
2014-11-01,11545.1337409,776.1358018,12321.2695427,0.062991545,0.6454838909999999,0.604823863,19088.423,ABS 6202 LF Statistics,Month
2014-12-01,11597.4406027,754.2945397,12351.7351423,0.06106790100000001,0.6463663479999999,0.606894112,19109.496,ABS 6202 LF Statistics,Month
2015-01-01,11606.9931724,785.4795292,12392.4727016,0.0633836,0.647497124,0.606456425,19139.039,ABS 6202 LF Statistics,Month
2015-02-01,11677.5013325,761.1250888,12438.6264213,0.061190445,0.648907103,0.6092001890000001,19168.578,ABS 6202 LF Statistics,Month
2015-03-01,11692.7796084,758.7563272,12451.5359356,0.060936766,0.64858097,0.6090585430000001,19198.121,ABS 6202 LF Statistics,Month
2015-04-01,11693.6184021,761.2640371,12454.8824391,0.061121736,0.648102864,0.608489692,19217.447,ABS 6202 LF Statistics,Month
2015-05-01,11735.713611,739.9447803,12475.6583912,0.059311081,0.6485318010000001,0.610066679,19236.772,ABS 6202 LF Statistics,Month
2015-06-01,11729.9987384,749.8607215,12479.8594599,0.06008567,0.648099117,0.609157647,19256.097,ABS 6202 LF Statistics,Month
2015-07-01,11761.6573342,786.11198220000006,12547.7693164,0.062649541,0.6508320209999999,0.610057694,19279.582,ABS 6202 LF Statistics,Month
2015-08-01,11773.3038134,762.4326566,12535.73647,0.060820730999999996,0.649417026,0.609919008,19303.061,ABS 6202 LF Statistics,Month
2015-09-01,11784.3667347,772.9807593,12557.347494,0.061556054,0.6497461130000001,0.609750306,19326.545,ABS 6202 LF Statistics,Month
2015-10-01,11861.1931672,746.1954353,12607.3886025,0.059187153,0.6516048069999999,0.613038174,19348.213,ABS 6202 LF Statistics,Month
2015-11-01,11897.6304961,740.2010857,12637.8315818,0.058570260000000006,0.6524475590000001,0.614233536,19369.881,ABS 6202 LF Statistics,Month
2015-12-01,11905.7266724,725.8104443,12631.5371168,0.057460184,0.65139392,0.613964706,19391.549,ABS 6202 LF Statistics,Month
2016-01-01,11909.0591164,763.4445064,12672.5036228,0.060244173,0.652408176,0.613104384,19424.195,ABS 6202 LF Statistics,Month
2016-02-01,11930.5286926,717.3826308,12647.9113233,0.056719454,0.650049781,0.613179312,19456.835,ABS 6202 LF Statistics,Month
2016-03-01,11940.4943203,714.4633815,12654.9577018,0.056457192,0.649322458,0.612663535,19489.481,ABS 6202 LF Statistics,Month
2016-04-01,11949.1837033,714.823463,12664.0071663,0.056445283,0.649050263,0.612414438,19511.597,ABS 6202 LF Statistics,Month
2016-05-01,11945.5436977,724.6733003,12670.216998,0.057195019,0.648633314,0.611534719,19533.713,ABS 6202 LF Statistics,Month
2016-06-01,11965.9754361,722.4276311,12688.4030671,0.056936056,0.648829721,0.6118879150000001,19555.829,ABS 6202 LF Statistics,Month
2016-07-01,11997.7449122,722.7876091,12720.5325213,0.056820546,0.649484198,0.612580151,19585.592,ABS 6202 LF Statistics,Month
2016-08-01,11973.0007255,710.7477857,12683.7485112,0.056036099000000006,0.6466234489999999,0.610389194,19615.355,ABS 6202 LF Statistics,Month
2016-09-01,11954.2187821,713.964512,12668.1832941,0.056358871,0.644851474,0.608508373,19645.118,ABS 6202 LF Statistics,Month
2016-10-01,11986.2461114,708.7673776,12695.013489,0.055830376,0.645396227,0.609363513,19670.108,ABS 6202 LF Statistics,Month
2016-11-01,12014.4327268,735.2014715,12749.6341983,0.057664515,0.647350701,0.6100215370000001,19695.096,ABS 6202 LF Statistics,Month
2016-12-01,12036.4506355,745.7377188,12782.1883543,0.05834194400000001,0.6481811670000001,0.610365017,19720.086,ABS 6202 LF Statistics,Month
2017-01-01,12053.4909829,726.6480963,12780.1390792,0.056857605,0.646867363,0.610088034,19756.97,ABS 6202 LF Statistics,Month
2017-02-01,12061.3863951,747.702205,12809.0886001,0.058372786999999995,0.647124569,0.609350105,19793.853,ABS 6202 LF Statistics,Month
2017-03-01,12116.3453093,752.3660313,12868.7113405,0.058464753,0.6489275379999999,0.6109881500000001,19830.737,ABS 6202 LF Statistics,Month
2017-04-01,12170.0842939,724.2127236,12894.2970175,0.056165351,0.649458267,0.612981215,19853.927,ABS 6202 LF Statistics,Month
2017-05-01,12196.472149,715.4169291,12911.8890781,0.055407611,0.64958554,0.6135935570000001,19877.119,ABS 6202 LF Statistics,Month
2017-06-01,12227.840752,724.9565104,12952.7972623,0.055969108,0.650884228,0.614454818,19900.309,ABS 6202 LF Statistics,Month
2017-07-01,12261.6796307,724.2420782,12985.921709,0.055771325999999996,0.651613124,0.6152717959999999,19928.883,ABS 6202 LF Statistics,Month
2017-08-01,12313.0456626,717.886317,13030.9319796,0.055090942,0.6529501480000001,0.616978509,19957.009,ABS 6202 LF Statistics,Month
2017-09-01,12343.6802511,709.5154786,13053.1957296,0.054355691000000005,0.6531452040000001,0.617643045,19985.136,ABS 6202 LF Statistics,Month
2017-10-01,12355.7852879,700.4258947,13056.2111826,0.053646949,0.6526269100000001,0.6176154669999999,20005.628,ABS 6202 LF Statistics,Month
2017-11-01,12412.1160965,711.9213016,13124.0373981,0.054245601,0.6553460529999999,0.619796413,20026.118,ABS 6202 LF Statistics,Month
2017-12-01,12452.2028163,740.2761389,13192.4789552,0.056113498000000005,0.658090268,0.621162522,20046.61,ABS 6202 LF Statistics,Month
2018-01-01,12483.3250577,727.6646625,13210.9897203,0.055080252999999996,0.657812525,0.621580045,20083.214,ABS 6202 LF Statistics,Month
2018-02-01,12484.0691136,734.617778,13218.6868916,0.055574187000000004,0.656998235,0.620486092,20119.821,ABS 6202 LF Statistics,Month
2018-03-01,12489.0286055,728.2457644,13217.2743699,0.05509802900000001,0.6557350510000001,0.619605342,20156.425,ABS 6202 LF Statistics,Month
2018-04-01,12507.3872176,733.4229102,13240.8101278,0.05539109,0.6561213410000001,0.619778064,20180.429,ABS 6202 LF Statistics,Month
2018-05-01,12507.3601669,712.7792452,13220.1394121,0.053916167,0.654318786,0.619040425,20204.432,ABS 6202 LF Statistics,Month
2018-06-01,12576.7775577,706.3789172,13283.1564748,0.053178544,0.6566576120000001,0.621737516,20228.436,ABS 6202 LF Statistics,Month
2018-07-01,12575.3174027,699.6716193,13274.989022,0.052706004,0.655224651,0.6206903779999999,20260.21,ABS 6202 LF Statistics,Month
2018-08-01,12615.7744015,700.8149153,13316.5893168,0.052627208,0.656248694,0.621712158,20291.986,ABS 6202 LF Statistics,Month
2018-09-01,12627.6932733,664.8265152,13292.5197885,0.050015086,0.6540384160000001,0.6213266279999999,20323.76,ABS 6202 LF Statistics,Month
2018-10-01,12665.6936697,666.5424301,13332.2360998,0.049994796,0.655247648,0.622488676,20346.866,ABS 6202 LF Statistics,Month
2018-11-01,12699.9900851,684.0268956,13384.0169806,0.051107743000000004,0.6570464749999999,0.623466313,20369.97,ABS 6202 LF Statistics,Month
2018-12-01,12723.080624,671.0668572,13394.1474812,0.050101497999999994,0.6567987820000001,0.6238921789999999,20393.076,ABS 6202 LF Statistics,Month
2019-01-01,12751.4725764,678.3669902,13429.8395666,0.050511920999999994,0.6573681929999999,0.624163263,20429.707,ABS 6202 LF Statistics,Month
2019-02-01,12758.8654652,665.5610757,13424.4265408,0.049578362,0.655927236,0.623407438,20466.335,ABS 6202 LF Statistics,Month
2019-03-01,12781.9064484,684.8246106,13466.7310591,0.05085307,0.65681868,0.6234174339999999,20502.966,ABS 6202 LF Statistics,Month
2019-04-01,12815.8221035,706.1300962,13521.9521996,0.052221016999999995,0.658876425,0.624469228,20522.744,ABS 6202 LF Statistics,Month
2019-05-01,12854.5381725,706.2648071,13560.8029796,0.052081340999999996,0.6601332750000001,0.625752648,20542.523,ABS 6202 LF Statistics,Month
2019-06-01,12856.7579241,712.7775685,13569.5354926,0.05252778,0.659923006,0.625258716,20562.301,ABS 6202 LF Statistics,Month
2019-07-01,12886.7478114,713.7279085,13600.4757199,0.052478158,0.6605186380000001,0.6258558359999999,20590.601,ABS 6202 LF Statistics,Month
2019-08-01,12923.1733451,717.0602292,13640.2335744,0.052569498,0.661540282,0.626763441,20618.901,ABS 6202 LF Statistics,Month
2019-09-01,12934.779784,707.6347937,13642.4145777,0.051870202000000004,0.660739176,0.626466502,20647.201,ABS 6202 LF Statistics,Month
2019-10-01,12910.6283959,722.856659,13633.4850549,0.05302068099999999,0.659652225,0.624677015,20667.686,ABS 6202 LF Statistics,Month
2019-11-01,12946.2986851,706.0071167,13652.3058017,0.051713397,0.659908786,0.62578266,20688.171,ABS 6202 LF Statistics,Month
2019-12-01,12975.527004,691.9327762,13667.4597802,0.050626290000000004,0.659987774,0.626575042,20708.656,ABS 6202 LF Statistics,Month
2020-01-01,12988.4077157,725.4692178,13713.8769335,0.052900374,0.661042609,0.626073208,20745.829,ABS 6202 LF Statistics,Month
2020-02-01,13015.1209859,699.0542647,13714.1752506,0.050973117,0.659874637,0.6262387700000001,20783.001,ABS 6202 LF Statistics,Month
